Date,Forecasted WL,FFWC Predicted Q ,Observed Q ,RF Predicted Q 
6/6/2015,7.13,3004.785058,2822,2708.253406
7/6/2015,7.34,3426.471427,2906,2774.558439
8/6/2015,7.35,3447.668931,2991,2894.004054
9/6/2015,7.11,2966.891894,3040,2918.652792
10/6/2015,7.16,3062.347625,3206,2860.978346
11/6/2015,7.08,2910.767726,3616,3070.352414
12/6/2015,7.25,3240.331868,3835,3192.696442
13/6/2015,7.46,3687.820886,4025,3708.61016
14/6/2015,7.74,4359.728889,4437,3453.382068
15/6/2015,7.85,4648.958938,4853,4265.231813
16/6/2015,8.17,5578.342282,5314,4634.436776
17/6/2015,8.11,5393.681863,5771,4999.603638
18/6/2015,8,5067.815622,5602,5400.077866
19/6/2015,8.4,6333.485845,5050,5266.013963
20/6/2015,8.58,6979.541415,4901,4795.723271
21/6/2015,8.93,8385.922239,4919.667547,4664.794305
22/6/2015,8.38,6264.754789,5070,4573.333952
23/6/2015,9,8692.530442,4867,4598.917394
24/6/2015,7.94,4896.809126,5035,4630.588626
25/6/2015,8.07,5273.307973,5089,4810.399872
26/6/2015,8,5067.815622,5065,4830.341242
27/6/2015,8.16,5547.220474,5363,5047.846356
28/6/2015,8.72,7517.488847,5628,4818.847965
29/6/2015,8.2,5672.544195,5675,5513.836989
30/6/2015,8.17,5578.342282,6535,6035.218067
1/7/2015,8.04,5184.44168,6534,6297.395493
2/7/2015,8.57,6942.325297,6540,6141.133843
3/7/2015,8.19,5641.003679,6745,6712.549495
4/7/2015,9.34,10311.54045,7573,8006.435516
5/7/2015,8.49,6650.258283,9625,9295.535513
6/7/2015,8.49,6650.258283,10538,10452.384
7/7/2015,9.1,9145.986066,11166,10765.13691
8/7/2015,9.49,11098.15829,12043,11599.48517
9/7/2015,9.79,12814.88803,12148,12070.92177
10/7/2015,10.9,21096.07295,12316,12838.87988
11/7/2015,10.34,16508.69709,11809,13745.23543
12/7/2015,10.77,19950.22748,11341,13547.64593
13/7/2015,10.71,19438.40671,11383,12242.61939
14/7/2015,9.88,13369.18141,11887,12354.37544
15/7/2015,9.95,13813.38034,12458,14312.69222
16/7/2015,9.76,12634.25454,12819,14107.45368
17/7/2015,9.97,13942.43212,13524,14654.91844
18/7/2015,10.78,20036.56598,14981,15363.76125
19/7/2015,10.85,20649.31564,16036,15888.37159
20/7/2015,10.7,19354.13119,16334,16394.90653
21/7/2015,10.82,20384.90521,16614,16635.90242
22/7/2015,11.11,23057.42054,17640,17551.76572
23/7/2015,9.08,9053.819233,18791,18881.52947
24/7/2015,11.45,26538.97598,19325,19570.95445
25/7/2015,11.07,22673.05123,19296,20900.51678
26/7/2015,11.45,26538.97598,18572,21615.08533
27/7/2015,11.86,31281.80283,17724,20895.90752
28/7/2015,11.99,32918.93981,17123,18592.80733
29/7/2015,11.82,30791.35938,16671,18374.91858
30/7/2015,11.61,28316.13441,16671,18658.22067
31/7/2015,11.24,24342.66087,17164,20090.18759
1/8/2015,11.25,24443.84287,17809,20944.01494
2/8/2015,11.19,23841.74946,19044,22191.90418
3/8/2015,11.09,22864.59168,20707,26934.60764
4/8/2015,11.45,26538.97598,22300,23233.49562
5/8/2015,11.11,23057.42054,23303,23299.74797
6/8/2015,11.66,28890.53448,23439,22926.88597
7/8/2015,12.19,35570.38248,23113,21994.19461
8/8/2015,12.46,39417.15528,21873,21454.54208
9/8/2015,12.75,43911.17156,21037,20867.9534
10/8/2015,12.87,45886.1778,20425,20631.15046
11/8/2015,12.05,33697.22602,19809,20101.75816
12/8/2015,11.97,32662.72204,19057,19804.64248
13/8/2015,11.83,30913.39118,18557,21012.78834
14/8/2015,11.75,29947.853,18630,22772.36198
15/8/2015,11.69,29239.6101,19281,25377.62595
16/8/2015,11.42,26215.89628,20597,23458.04033
17/8/2015,11.49,26974.68057,22102,23808.05566
18/8/2015,11.34,25369.66277,23423,24291.37221
19/8/2015,11.77,30186.95022,24794,25325.4376
20/8/2015,12.04,33566.50278,25329.453,26790.9839
21/8/2015,12.25,36398.15207,26970,28291.59879
22/8/2015,12.61,41693.32151,28722,29703.64978
23/8/2015,12.79,44561.81804,30394,30341.87352
24/8/2015,13.11,50048.67955,32062,31072.43351
25/8/2015,13.09,49690.71585,33215,29039.12327
26/8/2015,13.37,54892.32187,34798,30304.01669
27/8/2015,13.67,60938.1699,35349,32223.39065
28/8/2015,13.9,65923.54223,35571,31447.19969
29/8/2015,14,68190.04465,34763,32988.53788
30/8/2015,13.86,65033.94799,33004,32259.93978
31/8/2015,13.69,61359.34902,31608,30638.62419
1/9/2015,13.73,62208.67248,30576,30321.98248
2/9/2015,13.52,57852.2776,29828,30112.59442
3/9/2015,13.45,56455.53047,29390,30291.42586
4/9/2015,13.1,49869.44153,29291,30412.30889
5/9/2015,13.16,50952.59326,29113,29545.12118
6/9/2015,13.07,49334.79718,28936,28083.82512
7/9/2015,12.83,45220.13105,28838,27205.99243
8/9/2015,13,48105.0605,28313,27536.32056
9/9/2015,13,48105.0605,27281,26734.78353
10/9/2015,12.84,45385.91507,25873,25159.31957
11/9/2015,12.74,43749.69999,24164,23978.84575
12/9/2015,12.68,42790.78703,22218,20115.50284
13/9/2015,12.56,40923.25466,20629,14126.73648
14/9/2015,12.39,38389.44798,19207,12359.62034
15/9/2015,11.92,32029.1312,18051,15959.03741
16/9/2015,11.82,30791.35938,17178,16531.87484
17/9/2015,11.8,30548.44845,16455,16109.07077
18/9/2015,11.49,26974.68057,15883,15635.89438
19/9/2015,11.16,23545.17188,15324,15117.64334
20/9/2015,11.14,23349.09372,14779,14693.33751
21/9/2015,11.09,22864.59168,14468,14414.03201
22/9/2015,10.98,21826.89114,14016,13613.88479
23/9/2015,10.86,20738.05771,14186,13958.17372
24/9/2015,10.88,20916.45439,14481.00399,14004.7335
25/9/2015,10.69,19270.14735,14481.00399,14380.28777
26/9/2015,10.65,18937.11372,14474,14340.26963
27/9/2015,10.65,18937.11372,14357,14187.4856
28/9/2015,11.05,22482.79274,14077,13424.70555
29/9/2015,10.54,18044.88163,13776,13840.96118
30/9/2015,10.55,18124.58003,13269,13321.78283
1/10/2015,10.71,19438.40671,12661,12189.97302
2/10/2015,10.69,19270.14735,11963,11826.03908
3/10/2015,10.66,19019.93837,11114,10883.80352
4/10/2015,10.51,17807.46209,10464,9981.817791
5/10/2015,9.75,12574.49681,9927,9781.067743
6/10/2015,9.99,14072.44372,9317,9159.970554
7/10/2015,9.76,12634.25454,8731,8771.038408
8/10/2015,8.97,8560.051096,8298,8860.680841
9/10/2015,9.24,9812.318025,7971,8309.884434
10/10/2015,9.18,9522.166593,7484,7812.49821
11/10/2015,8.33,6095.527124,7025,7292.592114
12/10/2015,8.77,7717.430809,6614,7155.991763
13/10/2015,8.67,7321.700314,6241,6206.858976
14/10/2015,8.41,6368.076166,5937,5656.137262
15/10/2015,8.27,5897.287968,5835.50871,4449.631184
16/10/2015,8.12,5424.115061,5835.50871,4438.463193
17/10/2015,7.98,5010.292669,5492,4713.254985
18/10/2015,8.19,5641.003679,5276,4147.392342
19/10/2015,8.06,5243.551951,5040,4548.704545
20/10/2015,8.01,5096.773947,4859,3923.552633
21/10/2015,8.02,5125.8641,4753.563399,4147.604342
22/10/2015,7.95,4924.985823,4572,3993.35967
23/10/2015,7.83,4595.265104,4432.692157,3571.299783
24/10/2015,7.88,4730.436815,4222,3661.301886
25/10/2015,7.64,4109.421192,4142,3659.85328
26/10/2015,7.55,3894.072063,4026,3834.835779
27/10/2015,7.38,3511.889755,3714,3655.749023
28/10/2015,7.2,3140.462303,3650,3567.756923
29/10/2015,7.01,2783.100461,3635.447164,3525.698443
30/10/2015,6.98,2729.772444,3635.447164,3559.290363
31/10/2015,6.85,2508.018818,3479,3513.021167
1/11/2015,6.73,2316.307618,3519,3481.479062
2/11/2015,6.65,2195.13121,3480,3442.606987
3/11/2015,6.52,2009.047062,3461,3286.4662
4/11/2015,6.3,1722.950001,3442,3195.285212
5/11/2015,6.22,1627.376615,3390,2859.904116
6/11/2015,,,,
6/6/2016,6.05,1438.303606,1522,1450.131327
7/6/2016,6.45,1914.194246,1443,1173.634638
8/6/2016,6.24,1650.8633,1399,1021.704443
9/6/2016,5.88,1267.17846,1355,1080.451249
10/6/2016,5.78,1174.372704,1320,1235.820772
11/6/2016,5.57,997.0991935,1261,1279.553267
12/6/2016,5.7,1104.102507,1211,1298.425521
13/6/2016,6.27,1686.599492,1364,1372.302299
14/6/2016,6.51,1995.271885,1540,1474.062485
15/6/2016,6.17,1569.824283,1645,1517.823694
16/6/2016,6.67,2224.939768,1721,1710.296011
17/6/2016,6.8,2426.659718,1863,2276.689559
18/6/2016,6.85,2508.018818,2162,2585.429262
19/6/2016,7.01,2783.100461,2543,2709.589747
20/6/2016,7.63,4085.035074,2881,2962.778263
21/6/2016,7.73,4334.164453,2943,3021.705751
22/6/2016,7.18,3101.208801,2915,2984.304297
23/6/2016,7.51,3801.299048,3079,3113.896051
24/6/2016,8.12,5424.115061,3682,3886.961683
25/6/2016,7.99,5038.988678,4367,5178.278097
26/6/2016,7.86,4675.992849,5287,5442.790466
27/6/2016,8.21,5704.225209,5526,5601.933137
28/6/2016,8.76,7677.107013,6155,5988.674373
29/6/2016,9.33,10260.72555,6269,6149.261171
30/6/2016,9.62,11817.95002,6062,6216.00159
1/7/2016,9.18,9522.166593,5780,6614.128385
2/7/2016,9.8,12875.55476,5666,6568.039961
3/7/2016,9.5,11152.25288,5745,7168.26351
4/7/2016,9.07,9008.014465,5745,6362.527988
5/7/2016,8.98,8604.03066,6381,6682.434019
6/7/2016,9.65,11989.22565,6874,7202.657691
7/7/2016,9.37,10465.19059,7224,7749.182021
8/7/2016,9.83,13058.93061,7880,8685.516708
9/7/2016,9.89,13431.93106,8649,9946.070972
10/7/2016,9.94,13749.21273,9907,13126.85209
11/7/2016,10.51,17807.46209,11142,11979.74791
12/7/2016,9.47,10990.59696,12252,12406.33657
13/7/2016,10.31,16287.56347,13064,12708.11454
14/7/2016,10.53,17965.46299,14939,13026.91432
15/7/2016,11.02,22199.79468,20139,16893.169
16/7/2016,11.21,24041.11761,23726,18462.86174
17/7/2016,11.24,24342.66087,26159,24353.69831
18/7/2016,11.27,24647.21318,28395,25223.23301
19/7/2016,11.62,28430.27927,30588,23576.48833
20/7/2016,12.32,37383.2259,33714,29149.08993
21/7/2016,12.58,41229.90789,36281,29153.00084
22/7/2016,12.71,43268.12478,38774,33994.49078
23/7/2016,12.96,47413.41024,40062,35238.98324
24/7/2016,13.18,51317.78363,40635,29205.59169
25/7/2016,13.54,58256.36805,41965,29484.91424
26/7/2016,13.35,54506.96715,43280,38607.43328
27/7/2016,13.43,56061.4416,44448,39270.71089
28/7/2016,13.37,54892.32187,45726,36968.34449
29/7/2016,13.42,55865.22171,47436,44189.09331
30/7/2016,13.5,57450.42591,48123,45642.93818
31/7/2016,13.69,61359.34902,48169,45987.97234
1/8/2016,13.71,61782.84671,48353,48307.46735
2/8/2016,13.77,63067.34642,48353,47771.36357
3/8/2016,13.88,65477.54013,47710,47445.88433
4/8/2016,13.73,62208.67248,46756,46377.62961
5/8/2016,13.67,60938.1699,45814,44101.99481
6/8/2016,13.76,62851.79715,45062,42656.9286
7/8/2016,13.65,60519.29986,43367,41269.36282
8/8/2016,13.7,61570.80745,40883,39703.11876
9/8/2016,13.32,53932.9837,38774,37936.50077
10/8/2016,13.48,57050.80371,37241,36912.61957
11/8/2016,13.41,55669.54998,35862,36399.46734
12/8/2016,13.25,52612.42451,34776,36118.74393
13/8/2016,12.83,45220.13105,34739,38014.39947
14/8/2016,12.65,42317.65884,35447,37498.20519
15/8/2016,12.93,46899.89667,36356,35814.19959
16/8/2016,12.94,47070.57247,38259,36252.28367
17/8/2016,13.08,49512.50143,40431,35171.60243
18/8/2016,12.98,47758.23672,42683,37893.88874
19/8/2016,13.39,55279.84644,43926,35474.24689
20/8/2016,13.34,54315.10065,44579,39337.51642
21/8/2016,13.55,58459.25571,46127,41092.68989
22/8/2016,13.62,59895.30365,47573,36607.48454
23/8/2016,13.77,63067.34642,49190,41408.89652
24/8/2016,13.73,62208.67248,51273,46706.15661
25/8/2016,13.72,61995.46799,53463,49230.5648
26/8/2016,13.84,64592.75609,55765,51358.93166
27/8/2016,13.85,64813.05262,57405,54205.5891
28/8/2016,14.17,72185.42135,57560,53361.23487
29/8/2016,14.31,75614.01894,56992,55290.03435
30/8/2016,14.42,78397.99532,56530,54582.42232
31/8/2016,14.42,78397.99532,55917,51355.36844
1/9/2016,14.18,72426.1296,55007,47170.07616
2/9/2016,14.09,70282.63531,52923,48364.65885
3/9/2016,14.08,70047.62817,49661,46304.09325
4/9/2016,13.8,63717.53421,44765,41585.05183
5/9/2016,13.85,64813.05262,38503,37132.33799
6/9/2016,13.61,59688.44922,33574,34154.70192
7/9/2016,13.25,52612.42451,29977,31652.89032
8/9/2016,12.74,43749.69999,28948,31144.65514
9/9/2016,12.47,39565.74432,28817,31268.30884
10/9/2016,12,33047.64842,28621,31894.80145
11/9/2016,11.82,30791.35938,28265,37920.6736
12/9/2016,11.59,28088.94127,28103,45054.34635
13/9/2016,12.22,35982.36876,28200.5252,28449.92115
14/9/2016,12.16,35162.16728,28662,27845.63417
15/9/2016,12.23,36120.54002,29145,28687.43588
16/9/2016,12.07,33959.89064,28981,28972.18677
17/9/2016,12.32,37383.2259,27721,27837.12406
18/9/2016,12.94,47070.57247,26096,26761.35419
19/9/2016,12.84,45385.91507,25428,25856.14705
20/9/2016,12.39,38389.44798,25248,25352.4266
21/9/2016,12.25,36398.15207,24891,24903.53645
22/9/2016,11.84,31035.80842,24566,24304.09158
23/9/2016,11.75,29947.853,24478,25005.65186
24/9/2016,12.04,33566.50278,24772,25467.16448
25/9/2016,11.99,32918.93981,24891,25201.22014
26/9/2016,11.83,30913.39118,24980,24985.0299
27/9/2016,11.9,31778.45691,24802,25097.61947
28/9/2016,11.91,31903.59769,24361,24946.32217
29/9/2016,11.97,32662.72204,24981,25393.47032
30/9/2016,12.01,33176.75809,26311,26031.95811
1/10/2016,12.06,33828.35499,27245,26818.91558
2/10/2016,12.14,34892.10612,28007,27243.98877
3/10/2016,11.61,28316.13441,28883,28066.65362
4/10/2016,11.97,32662.72204,29976,28860.94196
5/10/2016,12.2,35707.29095,30313,28651.6877
6/10/2016,12.27,36677.46326,28982,27949.51414
7/10/2016,12.36,37955.59883,26839,26465.82436
8/10/2016,12.52,40315.40575,24510,24858.93308
9/10/2016,12.53,40466.68831,22291,23938.69489
10/10/2016,12.47,39565.74432,20677,20625.72322
11/10/2016,12.12,34623.70189,20260,19952.86246
12/10/2016,11.78,30307.06842,20364,20138.74178
13/10/2016,11.6,28202.35537,20157,19933.61448
14/10/2016,11.22,24141.29907,20132,20127.69492
15/10/2016,11.12,23154.32014,20730,20421.16521
16/10/2016,11.32,25161.54784,21392,20444.70893
17/10/2016,11.5,27084.49308,21339,19459.11288
18/10/2016,11.61,28316.13441,20730,19244.58024
19/10/2016,11.6,28202.35537,19324,16915.96331
20/10/2016,11.76,30067.21205,17082.99312,15746.07096
21/10/2016,11.84,31035.80842,15031,14396.72766
22/10/2016,11.64,28659.66997,14461,13296.3702
23/10/2016,11.55,27638.91685,13652,12674.00601
24/10/2016,11.43,26323.23896,12037,12194.30178
25/10/2016,11.35,25474.2338,9874,11621.93123
26/10/2016,10.34,16508.69709,9019,10393.27393
27/10/2016,10.18,15356.44949,8430,10736.41496
28/10/2016,9.48,11044.27319,7866,10125.61303
29/10/2016,9.21,9666.374019,7460.864407,8265.076974
30/10/2016,8.76,7677.107013,6799,7579.407197
31/10/2016,7.55,3894.072063,6562,7819.257179
1/11/2016,7.45,3665.453036,6481.553439,7436.573034
2/11/2016,6.69,2255.070295,7541,7650.236989
3/11/2016,6.1,1491.99019,7046,7449.709256
4/11/2016,5.92,1305.898535,6621,6719.830369
5/11/2016,5.73,1130.049223,6451,6167.342539
6/11/2016,,,,
6/6/2017,5.77,1165.398953,788,959.0771033
7/6/2017,5.97,1355.619492,1012,1071.935283
8/6/2017,6.28,1698.647685,1267,1132.030437
9/6/2017,6.29,1710.764424,1491,1374.002245
10/6/2017,7.29,3322.037485,1592,1412.232052
11/6/2017,7.57,3941.130852,1558,1794.541534
12/6/2017,7.64,4109.421192,1417,1812.513072
13/6/2017,7.24,3220.158093,1248,1550.017315
14/6/2017,6.75,2347.419633,1112,1528.656784
15/6/2017,6.44,1900.940681,1045,1326.121541
16/6/2017,6.3,1722.950001,1021,1087.668258
17/6/2017,6.09,1481.127065,1012,1012.595605
18/6/2017,6.16,1558.511156,1053,1151.261265
19/6/2017,6.52,2009.047062,1921.5,1609.549791
20/6/2017,6.92,2625.561579,1427,1505.111723
21/6/2017,6.96,2694.675565,1759,1699.731195
22/6/2017,7.24,3220.158093,2036,1904.965913
23/6/2017,7.52,3824.325233,2239,1934.86154
24/6/2017,7.7,4258.187699,2363,2353.119163
25/6/2017,8.02,5125.8641,2426,2713.559195
26/6/2017,7.84,4622.049833,2591,2696.428691
27/6/2017,7.82,4568.604321,2591,2385.571523
28/6/2017,7.82,4568.604321,2591,2365.788353
29/6/2017,7.65,4133.92328,2591,2416.579652
30/6/2017,7.9,4785.385194,2591,2557.24312
1/7/2017,7.83,4595.265104,2591,2859.175891
2/7/2017,7.85,4648.958938,2591,3489.886532
3/7/2017,7.87,4703.151997,3469.9,3977.05238
4/7/2017,7.98,5010.292669,3796,4289.096686
5/7/2017,8.16,5547.220474,4233,5160.577854
6/7/2017,8,5067.815622,4785,5645.704884
7/7/2017,8.36,6196.619945,5832,7813.175966
8/7/2017,9.05,8916.959428,6722,7812.153622
9/7/2017,8.94,8429.187135,8138,9033.605837
10/7/2017,9.15,9379.68028,6630.88,8890.585506
11/7/2017,9.78,12754.44951,9763,11951.99383
12/7/2017,10,14137.81112,11920,12905.59481
13/7/2017,10.08,14669.51674,16657,16422.63784
14/7/2017,11.03,22293.80981,20210,19560.55357
15/7/2017,10.48,17572.54072,22331,21054.07349
16/7/2017,10.7,19354.13119,22980,19817.29238
17/7/2017,11.41,26108.90303,19837.51,19430.43237
18/7/2017,12.07,33959.89064,23941,23881.08053
19/7/2017,12.14,34892.10612,23941,24067.30155
20/7/2017,12.16,35162.16728,23941,23733.689
21/7/2017,12.05,33697.22602,22199,23435.45765
22/7/2017,12.16,35162.16728,20227,23153.60802
23/7/2017,12.25,36398.15207,19303,22148.18754
24/7/2017,12.01,33176.75809,15444.82,19863.16799
25/7/2017,11.8,30548.44845,17807,20994.56893
26/7/2017,11.32,25161.54784,17309,21176.88868
27/7/2017,11.44,26430.93191,16582,21687.01346
28/7/2017,11.18,23742.56113,17432,24214.55675
29/7/2017,11.01,22106.09605,17965,20129.40135
30/7/2017,11.32,25161.54784,19489,19857.04177
31/7/2017,11.07,22673.05123,19406.66,20404.39021
1/8/2017,11.3,24954.79686,23941,23491.6266
2/8/2017,11.4,26002.25834,24443,24144.91036
3/8/2017,11.54,27527.31439,24201,24302.14491
4/8/2017,12,33047.64842,23881,23997.18453
5/8/2017,12.05,33697.22602,23349,23839.8717
6/8/2017,12.08,34091.83389,23643,23630.91312
7/8/2017,12.24,36259.13413,21228.67,23240.31894
8/8/2017,11.84,31035.80842,24975,25793.84739
9/8/2017,11.91,31903.59769,25516,27346.87044
10/8/2017,12.1,34356.94701,26690,29250.61579
11/8/2017,12.35,37811.85478,28774,29394.31548
12/8/2017,12.39,38389.44798,29828,30764.01674
13/8/2017,12.67,42632.61127,32357,33444.84811
14/8/2017,12.68,42790.78703,35844,35567.31791
15/8/2017,12.96,47413.41024,39387,36730.35432
16/8/2017,13.32,53932.9837,47228.66,41524.30114
17/8/2017,13.19,51501.15999,43717,35647.14367
18/8/2017,13.47,56851.82577,45385,42099.78646
19/8/2017,13.74,62422.46137,46729,44422.12516
20/8/2017,14.01,68420.06928,48928.16,45800.93169
21/8/2017,13.82,64153.95473,49034.71,46617.71216
22/8/2017,14,68190.04465,49013.5,45758.32417
23/8/2017,14.23,73639.29277,47036,44958.41812
24/8/2017,14.27,74621.44592,46255,42762.35466
25/8/2017,14.23,73639.29277,44890,43083.42876
26/8/2017,13.95,67049.15519,42380,39722.34717
27/8/2017,13.85,64813.05262,40164,39778.34977
28/8/2017,13.74,62422.46137,43405.32,41036.44509
29/8/2017,13.29,53363.83147,38099,39149.72196
30/8/2017,13.27,52987.06563,42587.71,40419.38448
31/8/2017,12.84,45385.91507,34359,37029.78313
1/9/2017,12.8,44725.67494,38424.25,37937.57337
2/9/2017,12.9,46390.82878,32918,34546.4491
3/9/2017,12.9,46390.82878,31928,34648.13431
4/9/2017,12.88,46053.9058,32721.44,36298.13522
5/9/2017,12.71,43268.12478,31504,30872.25638
6/9/2017,12.52,40315.40575,30500,28378.63242
7/9/2017,12.41,38680.87144,30115,29471.77102
8/9/2017,12.38,38244.39444,29947,29487.76173
9/9/2017,12.37,38099.77839,29615,29320.60003
10/9/2017,12.41,38680.87144,28088,28980.18344
11/9/2017,12.41,38680.87144,30159.02,28866.56478
12/9/2017,12.25,36398.15207,23349,25793.91143
13/9/2017,12.21,35844.61939,22218,27363.77691
14/9/2017,11.98,32790.63132,21956,25956.30205
15/9/2017,11.75,29947.853,21734,23850.45977
16/9/2017,11.59,28088.94127,20667,24701.50325
17/9/2017,11.48,26865.22346,20088,22645.43212
18/9/2017,11.44,26430.93191,25919.46,23854.75118
19/9/2017,11.63,28544.79083,18608,19961.02612
20/9/2017,11.47,26756.1209,17588,19505.3869
21/9/2017,11.43,26323.23896,16642,19541.49756
22/9/2017,11.34,25369.66277,16434,17005.99037
23/9/2017,11.27,24647.21318,16612,17012.08857
24/9/2017,11.01,22106.09605,16141,17246.83908
25/9/2017,10.83,20472.74016,17664.23,18105.62274
26/9/2017,10.7,19354.13119,14886,18492.23817
27/9/2017,11.16,23545.17188,14468,16325.61799
28/9/2017,11.07,22673.05123,14203,15527.08595
29/9/2017,11.06,22577.76214,14137,14729.6044
30/9/2017,10.99,21919.64507,14137,14268.58755
1/10/2017,10.98,21826.89114,14295,13914.06782
2/10/2017,10.96,21642.32245,14197.48,13511.46453
3/10/2017,10.35,16582.93804,13659,13260.33801
4/10/2017,10.64,18854.57699,13621,12903.65371
5/10/2017,10.8,20210.13701,13558,15039.65414
6/10/2017,10.83,20472.74016,15426,15453.90837
7/10/2017,10.72,19522.97466,15078,15520.54996
8/10/2017,10.44,17263.16427,14845,14933.69691
9/10/2017,10.97,21734.45053,14230.77,13984.365
10/10/2017,11.03,22293.80981,13749,12969.87322
11/10/2017,10.79,20123.20223,12814,12639.6815
12/10/2017,10.63,18772.32744,12290,12408.86427
13/10/2017,10.57,18284.8191,12139,12248.76906
14/10/2017,10.42,17110.11389,12104,12277.40289
15/10/2017,10.5,17728.87837,12514,12536.42935
16/10/2017,10.12,14941.28383,12409.33,12195.46198
17/10/2017,10.14,15078.66492,10725,11010.01502
18/10/2017,10.8,20210.13701,9408,9697.149425
19/10/2017,10.83,20472.74016,8916,9402.252445
20/10/2017,10.72,19522.97466,8657,8886.501629
21/10/2017,10.44,17263.16427,8657,8826.097032
22/10/2017,10.97,21734.45053,8657,8966.604968
23/10/2017,11.03,22293.80981,9506.66,8999.535194
24/10/2017,10.79,20123.20223,7190,8535.313406
25/10/2017,10.63,18772.32744,6402,7196.446281
26/10/2017,10.57,18284.8191,6333,6846.577118
27/10/2017,10.42,17110.11389,6333,7037.143222
28/10/2017,10.5,17728.87837,6244,6563.515665
29/10/2017,10.12,14941.28383,5832,6146.380035
30/10/2017,10.14,15078.66492,6023.5,5837.002437
31/10/2017,10.99,21919.64507,5273,5533.317139
1/11/2017,10.98,21826.89114,5137,5520.78383
2/11/2017,10.96,21642.32245,4930,5218.770921
3/11/2017,10.35,16582.93804,4568,4945.914325
4/11/2017,10.64,18854.57699,4489,5379.963671
5/11/2017,10.8,20210.13701,4385,5133.346777
6/11/2017,,,,
6/6/2018,6.29,1710.764424,947,1215.146456
7/6/2018,6.51,1995.271885,892,1104.678493
8/6/2018,6.62,2151.016437,778,925.6596088
9/6/2018,6.66,2209.995404,674,772.8802858
10/6/2018,6.69,2255.070295,631,816.4198171
11/6/2018,6.69,2255.070295,1501.55,1325.295119
12/6/2018,6.46,1927.521409,581,902.4213672
13/6/2018,6.45,1914.194246,604,1014.94527
14/6/2018,6.13,1524.961391,642,2029.806518
15/6/2018,5.84,1229.379613,700,1350.098431
16/6/2018,5.83,1220.071911,778,1277.743378
17/6/2018,5.78,1174.372704,884,2192.66379
18/6/2018,5.85,1238.743863,1576.87,2669.439497
19/6/2018,8.7,7438.678662,1305,2082.634888
20/6/2018,10.35,16582.93804,1725,2309.797411
21/6/2018,6.16,1558.511156,2039,3236.396403
22/6/2018,6.32,1747.528834,2611,3159.541917
23/6/2018,6.56,2064.908353,2790,3080.126569
24/6/2018,6.82,2458.946736,2736,2951.318023
25/6/2018,7.21,3160.237098,2332.26,2633.973758
26/6/2018,7.46,3687.820886,2423,2791.332874
27/6/2018,7.83,4595.265104,2491,2890.958424
28/6/2018,6.89,2574.659996,2873,3032.150038
29/6/2018,7.83,4595.265104,2966,2963.676088
30/6/2018,7.72,4308.719722,2966,3084.713134
1/7/2018,7.62,4060.764517,2966,4199.279065
2/7/2018,7.74,4359.728889,3128.64,4964.49849
3/7/2018,7.96,4953.291685,2966,4617.442899
4/7/2018,7.97,4981.727153,3460,4233.013148
5/7/2018,7.97,4981.727153,4385,4890.078198
6/7/2018,7.98,5010.292669,5131,5501.135792
7/7/2018,8.01,5096.773947,6628,6681.581918
8/7/2018,8.07,5273.307973,7880,7558.044685
9/7/2018,8.15,5516.237308,7974.28,7813.138755
10/7/2018,8.28,5929.965594,9436,8482.500732
11/7/2018,8.33,6095.527124,9090,8974.612475
12/7/2018,8.4,6333.485845,8871,9148.282953
13/7/2018,8.41,6368.076166,9295,9361.528389
14/7/2018,9.48,11044.27319,9822,9677.974406
15/7/2018,10.03,14335.36768,10079,9851.002026
16/7/2018,9.93,13685.28309,8718.76,9390.369136
17/7/2018,9.9,13494.9154,10883,10464.59775
18/7/2018,10.04,14401.70688,11098,11014.30299
19/7/2018,10.11,14872.9687,11098,11364.82788
20/7/2018,10.16,15217.05165,11098,11835.90353
21/7/2018,10.18,15356.44949,11989,12724.82845
22/7/2018,10.33,16434.72149,12325,14042.61824
23/7/2018,10.35,16582.93804,9169.34,15970.46406
24/7/2018,10.36,16657.44503,11931,16457.29508
25/7/2018,10.45,17340.09784,11671,16297.87939
26/7/2018,10.53,17965.46299,11163,12614.92753
27/7/2018,10.57,18284.8191,11163,12294.1403
28/7/2018,10.56,18204.55895,11163,12636.22248
29/7/2018,10.48,17572.54072,12443,13528.37446
30/7/2018,10.44,17263.16427,10570.28,13366.99748
31/7/2018,10.34,16508.69709,15356,16009.46688
1/8/2018,10.35,16582.93804,17838,20246.30701
2/8/2018,10.42,17110.11389,21459,21692.23275
3/8/2018,10.62,18690.36432,25558,23962.89763
4/8/2018,10.88,20916.45439,28361,25241.16767
5/8/2018,11.06,22577.76214,29781,27659.33659
6/8/2018,11.47,26756.1209,28412.21,27821.24796
7/8/2018,11.78,30307.06842,30669,28498.6485
8/8/2018,12.16,35162.16728,32408,27062.63979
9/8/2018,12.42,38827.24335,33358,31457.83477
10/8/2018,12.59,41383.92024,33436,33082.248
11/8/2018,12.64,42160.8801,35849.05,34467.43871
12/8/2018,12.93,46899.89667,32611,32610.15873
13/8/2018,12.95,47241.7433,32710.44,33009.82197
14/8/2018,12.98,47758.23672,31035,32996.11048
15/8/2018,12.89,46222.12244,30621,34842.3471
16/8/2018,12.9,46390.82878,30718,42159.74548
17/8/2018,12.82,45054.83039,30403,38424.04743
18/8/2018,12.75,43911.17156,29828,34813.96148
19/8/2018,12.68,42790.78703,29828,30101.71874
20/8/2018,12.66,42474.90222,32529.92,31758.80077
21/8/2018,12.66,42474.90222,32529.92,31545.08837
22/8/2018,12.64,42160.8801,32529.92,31555.4786
23/8/2018,12.58,41229.90789,29662,30150.31843
24/8/2018,12.6,41538.39111,29192,29931.66709
25/8/2018,12.63,42004.56498,29006,30601.85268
26/8/2018,5.55,981.3990382,29006,31891.83169
27/8/2018,12.62,41848.71246,32488.31,32911.28397
28/8/2018,12.58,41229.90789,30451,32252.03874
29/8/2018,12.54,40618.42331,31653,32307.72753
30/8/2018,12.53,40466.68831,35441.84,32980.79595
31/8/2018,12.53,40466.68831,32408,34223.40645
1/9/2018,12.53,40466.68831,33280,33780.89529
2/9/2018,12.62,41848.71246,34410,34519.90461
3/9/2018,12.66,42474.90222,36750.36,35475.3216
4/9/2018,12.77,44235.54067,36817,36331.69776
5/9/2018,12.81,44890.01204,37811,37048.897
6/9/2018,12.81,44890.01204,37811,36808.75543
7/9/2018,12.94,47070.57247,38680,35963.03994
8/9/2018,13.07,49334.79718,39984.64,36283.30832
9/9/2018,13.19,51501.15999,40648,39404.44107
10/9/2018,13.3,53553.01396,40749.14,40321.68538
11/9/2018,13.42,55865.22171,41631,40431.90896
12/9/2018,13.45,56455.53047,41383,41043.50572
13/9/2018,13.56,58662.70654,42160,41040.56187
14/9/2018,13.7,61570.80745,42885,41227.83628
15/9/2018,13.45,56455.53047,38157,39199.01159
16/9/2018,13.47,56851.82577,44398,42073.93097
17/9/2018,13.45,56455.53047,45220,42725.05938
18/9/2018,13.5,57450.42591,44857,42347.84056
19/9/2018,13.55,58459.25571,43460,41693.7791
20/9/2018,13.63,60102.72945,39269,39048.38977
21/9/2018,13.65,60519.29986,35189,37259.43352
22/9/2018,13.69,61359.34902,44725,40324.96383
23/9/2018,13.65,60519.29986,37725,36248.80098
24/9/2018,13.56,58662.70654,23722.02,26569.68417
25/9/2018,13.24,52425.89792,19692,24488.94293
26/9/2018,13.05,48980.91479,18300,34173.62994
27/9/2018,12.64,42160.8801,16958,22262.76527
28/9/2018,12.16,35162.16728,15709,19636.62601
29/9/2018,11.88,31529.34989,14535,18483.60275
30/9/2018,11.56,27750.8799,13685,15932.36915
1/10/2018,11.41,26108.90303,13375.4,15767.62944
2/10/2018,11.24,24342.66087,11817,14560.56068
3/10/2018,11.07,22673.05123,11272,12879.43998
4/10/2018,10.9,21096.07295,11749,12845.53485
5/10/2018,10.77,19950.22748,11425,12541.26248
6/10/2018,10.67,19103.05169,10683,11713.62346
7/10/2018,10.27,15996.40043,9666,11698.46453
8/10/2018,10.09,14737.08583,10133.7,10572.14854
9/10/2018,10,14137.81112,8754,9738.814964
10/10/2018,9.94,13749.21273,8674,9712.801726
11/10/2018,9.84,13120.51661,8560,9170.18579
12/10/2018,9.72,12396.57497,8621,8984.428019
13/10/2018,10.61,18608.68688,8648,8876.736746
14/10/2018,10.09,14737.08583,8411,8677.347191
15/10/2018,9.86,13244.38355,9001.58,8868.516995
16/10/2018,9.83,13058.93061,7533,8004.937247
17/10/2018,9.85,13182.33404,6333,7509.886446
18/10/2018,9.85,13182.33404,5943,8014.164269
19/10/2018,9.79,12814.88803,6361,7002.375893
20/10/2018,9.65,11989.22565,5851,6358.977395
21/10/2018,9.47,10990.59696,5096,5972.912343
22/10/2018,9.23,9763.476111,7714.42,7001.602025
23/10/2018,9.03,8826.640007,4542,5611.405145
24/10/2018,8.86,8088.002168,4334,4831.878127
25/10/2018,8.71,7478.000947,4188,5282.324408
26/10/2018,8.67,7321.700314,3917,5869.620124
27/10/2018,9.23,9763.476111,3737,5937.644524
28/10/2018,9.03,8826.640007,3710,5956.307782
29/10/2018,8.86,8088.002168,6791.14,6418.491283
30/10/2018,8.71,7478.000947,3486,4650.711495
31/10/2018,8.67,7321.700314,3401,4819.612921
1/11/2018,9.85,13182.33404,3244,4890.576058
2/11/2018,9.79,12814.88803,3136,4770.456169
3/11/2018,9.65,11989.22565,3120,3903.268408
4/11/2018,9.47,10990.59696,3112,4414.482898
5/11/2018,9.47,10990.59696,3101,4035.395418
6/11/2018,,,,
6/7/2019,8.06,5243.551951,2758,2982.710837
7/7/2019,7.96,4953.291685,2491,3510.684087
8/7/2019,8.09,5333.224049,3700.37,3630.799791
9/7/2019,7.96,4953.291685,2491,3931.396539
10/7/2019,7.85,4648.958938,2733,3779.976957
11/7/2019,7.86,4675.992849,3224,4766.371742
12/7/2019,7.69,4233.099573,3964,5296.381382
13/7/2019,7.63,4085.035074,5249,6329.32736
14/7/2019,7.72,4308.719722,7137,8256.173189
15/7/2019,7.87,4703.151997,9863.41,11995.87308
16/7/2019,8.13,5454.685062,15230,14179.43617
17/7/2019,8.48,6614.450144,21295,16756.33013
18/7/2019,8.99,8648.190259,26344,12634.66436
19/7/2019,9.55,11425.88942,29615,23008.2245
20/7/2019,10.34,16508.69709,31678,24728.527
21/7/2019,11.13,23251.54426,32104,25512.51609
22/7/2019,11.9,31778.45691,31168.68,30064.91754
23/7/2019,12.4,38534.93998,29497,30242.7484
24/7/2019,12.63,42004.56498,27062,27304.32704
25/7/2019,12.73,43588.70237,26344,25988.89527
26/7/2019,7.87,4703.151997,25811,27577.16121
27/7/2019,8.13,5454.685062,26002,32084.23842
28/7/2019,8.48,6614.450144,26625,34512.70253
29/7/2019,8.99,8648.190259,30356.93,33995.81994
30/7/2019,9.55,11425.88942,26087,46205.09198
31/7/2019,10.34,16508.69709,25600,28410.83733
1/8/2019,11.13,23251.54426,25286,25225.15845
2/8/2019,11.9,31778.45691,24749,25057.37019
3/8/2019,12.4,38534.93998,22218,24170.15252
4/8/2019,12.63,42004.56498,21715,22855.73573
5/8/2019,12.73,43588.70237,28251.12,25639.47628
6/8/2019,9.55,11425.88942,20227,21592.83574
7/8/2019,10.34,16508.69709,19744,20970.71499
8/8/2019,11.13,23251.54426,19898,21084.53042
9/8/2019,12.73,43588.70237,19370,20146.31644
10/8/2019,7.87,4703.151997,18284,20065.71954
11/8/2019,8.13,5454.685062,28122.67,25817.68332
12/8/2019,8.48,6614.450144,21642,22407.02035
13/8/2019,8.99,8648.190259,22106,22534.26227
14/8/2019,11.13,23251.54426,22960,22636.4587
15/8/2019,11.9,31778.45691,22692,22643.00083
16/8/2019,12.4,38534.93998,22237,22298.71174
17/8/2019,12.63,42004.56498,21367,21949.25301
18/8/2019,12.73,43588.70237,20755,22979.71578
19/8/2019,12.83,45220.13105,28155.83,25149.18959
20/8/2019,12.73,43588.70237,21096,22934.11483
21/8/2019,11.87,31405.38182,22787,24134.3734
22/8/2019,11.77,30186.95022,25161,26920.76983
23/8/2019,11.71,29474.19008,28521,30278.26675
24/8/2019,11.7,29356.71321,31035,31519.10387
25/8/2019,11.78,30307.06842,32688,31922.283
26/8/2019,11.98,32790.63132,35334.16,31633.22763
27/8/2019,12.22,35982.36876,23427,27580.49846
28/8/2019,12.53,40466.68831,37321.02,34212.40277
29/8/2019,12.74,43749.69999,32560,31302.40007
30/8/2019,12.88,46053.9058,31355,30563.57112
31/8/2019,12.94,47070.57247,26647,28139.50468
1/9/2019,12.96,47413.41024,24996,26559.95562
2/9/2019,12.88,46053.9058,31519.06,29337.17003
3/9/2019,12.75,43911.17156,24464,28313.83172
4/9/2019,12.6,41538.39111,25265,26656.64306
5/9/2019,12.41,38680.87144,25959,26675.11413
6/9/2019,12.36,37955.59883,26495,27820.05863
7/9/2019,12.2,35707.29095,25579,30613.68164
8/9/2019,12.11,34490.11875,24954,29580.74639
9/9/2019,12.21,35844.61939,30134.81,28909.63442
10/9/2019,12.28,36817.75845,22673,24997.24424
11/9/2019,12.32,37383.2259,22012,24230.89631
12/9/2019,12.2,35707.29095,21826,22776.9904
13/9/2019,12.14,34892.10612,21660,22278.74974
14/9/2019,11.98,32790.63132,21240,22283.53373
15/9/2019,11.91,31903.59769,20720,22941.38112
16/9/2019,11.84,31035.80842,30274.32,28288.06758
17/9/2019,11.84,31035.80842,27327,28213.35831
18/9/2019,11.81,30669.7121,30548,28821.26108
19/9/2019,11.76,30067.21205,34091,30998.80648
20/9/2019,11.73,29710.26867,37383,29359.52798
21/9/2019,12.12,34623.70189,40466,35844.9327
22/9/2019,12.42,38827.24335,42897.08,39582.79278
23/9/2019,12.7,43108.54275,44246.53,40292.28804
24/9/2019,12.98,47758.23672,46188,40435.18748
25/9/2019,13.22,52054.42708,47207,33098.54147
26/9/2019,13.43,56061.4416,48349,34951.02759
27/9/2019,13.57,58866.72172,46760.78,42355.0431
28/9/2019,13.72,61995.46799,50156,44290.61443
29/9/2019,13.75,62636.83586,51537,47679.10447
30/9/2019,13.83,64373.0572,51664.93,48550.70747
1/10/2019,13.9,65923.54223,55474,52832.66839
2/10/2019,13.92,66371.96406,56732,54436.68361
3/10/2019,13.99,67960.63725,56424.14,54041.51918
4/10/2019,14.07,69813.2482,55630,51703.44419
5/10/2019,14.11,70754.53613,53856,49774.35328
6/10/2019,14.34,76365.3362,53856,47592.64438
7/10/2019,14.4,77885.83266,50482.84,48027.04294
8/10/2019,14.46,79430.37904,49833,46705.79941
9/10/2019,14.52,80999.25806,46053,43771.05858
10/10/2019,14.53,81263.12355,42790,38860.59916
11/10/2019,14.15,71705.91908,39684,37085.67403
12/10/2019,14.03,68881.97516,35352,34383.47622
13/10/2019,13.91,66147.45007,32408,32887.36228
14/10/2019,13.78,63283.48489,33556.45,31843.82002
15/10/2019,13.5,57450.42591,22256,28954.62242
16/10/2019,13.29,53363.83147,19253,23437.81486
17/10/2019,13,48105.0605,17572,20487.41764
18/10/2019,12.77,44235.54067,16039,21322.17036
19/10/2019,12.41,38680.87144,15496,18651.62273
20/10/2019,11.7,29356.71321,14941,19332.73718
21/10/2019,11.44,26430.93191,18009.15,16710.39797
22/10/2019,11.22,24141.29907,13169,13683.9475
23/10/2019,11.03,22293.80981,12455,13371.55501
24/10/2019,10.84,20560.87672,11874,14139.76787
25/10/2019,10.79,20123.20223,11536,13082.14818
26/10/2019,13.5,57450.42591,11536,12482.13238
27/10/2019,13.29,53363.83147,11536,12989.13328
28/10/2019,13,48105.0605,13383.13,12748.30701
29/10/2019,12.77,44235.54067,10725,11240.81775
30/10/2019,12.41,38680.87144,10465,10884.63592
31/10/2019,11.7,29356.71321,10210,10442.74321
1/11/2019,11.44,26430.93191,10210,10039.3286
2/11/2019,11.22,24141.29907,10210,9815.373196
3/11/2019,11.7,29356.71321,10210,9450.387935
4/11/2019,11.44,26430.93191,10210,9310.472858
5/11/2019,11.22,24141.29907,10210,9274.672533
6/11/2019,,,,
6/6/2020,10.83,20472.74016,2110,2419.266993
7/6/2020,10.42,17110.11389,2162,2719.075411
8/6/2020,10.43,17186.50319,3269.68,3563.940984
9/6/2020,11.01,22106.09605,2375,4232.404354
10/6/2020,11.11,23057.42054,2375,4786.440796
11/6/2020,11.02,22199.79468,2375,4847.134535
12/6/2020,11.12,23154.32014,2375,3573.924492
13/6/2020,11.36,25579.14834,2829,3199.857849
14/6/2020,11.69,29239.6101,2982,3251.932413
15/6/2020,11.55,27638.91685,3504.65,3280.035801
16/6/2020,12.2,35707.29095,2899,3158.717247
17/6/2020,10.43,17186.50319,3120,3578.554294
18/6/2020,11.01,22106.09605,3305,3789.833263
19/6/2020,11.11,23057.42054,3741,4068.312554
20/6/2020,11.02,22199.79468,4573,4750.709571
21/6/2020,11.12,23154.32014,5672,5631.273176
22/6/2020,10.42,17110.11389,5697.37,6065.990394
23/6/2020,10.43,17186.50319,7344,7175.733652
24/6/2020,11.01,22106.09605,7921,7822.988036
25/6/2020,11.02,22199.79468,8394,8455.832255
26/6/2020,11.12,23154.32014,9773,9204.439753
27/6/2020,10.42,17110.11389,12220,9907.258193
28/6/2020,10.43,17186.50319,14335,12863.48025
29/6/2020,11.01,22106.09605,13863.2,13464.22113
30/6/2020,11.11,23057.42054,18871,14913.98479
1/7/2020,11.02,22199.79468,20773,18085.29411
2/7/2020,11.12,23154.32014,26402.2,24391.41054
3/7/2020,11.36,25579.14834,27220.6,26099.97764
4/7/2020,11.69,29239.6101,27128.9,26812.37516
5/7/2020,11.55,27638.91685,26855,26627.63647
6/7/2020,12.2,35707.29095,27128.9,26427.43167
7/7/2020,12.46,39417.15528,27128.9,26837.08409
8/7/2020,12.31,37241.21409,26855,26787.14766
9/7/2020,12.01,33176.75809,26764,27585.76626
10/7/2020,12.2,35707.29095,26673.3,27228.41169
11/7/2020,12.09,34224.1857,26402.2,27372.95332
12/7/2020,12.47,39565.74432,27220.6,28093.80885
13/7/2020,12.31,37241.21409,29965.8,28791.01089
14/7/2020,12.34,37668.54527,33817.8,32120.46018
15/7/2020,12.31,37241.21409,36403.3,34706.7406
16/7/2020,12.62,41848.71246,38764.9,35318.45854
17/7/2020,12.87,45886.1778,40039.4,32653.68422
18/7/2020,13,48105.0605,40509.3,33379.7905
19/7/2020,13.26,52799.48005,41699.1,38203.52584
20/7/2020,13.4,55474.42527,41939.7,38951.93031
21/7/2020,13.53,58054.0424,42181.2,38106.85825
22/7/2020,13.55,58459.25571,41699.1,37674.63212
23/7/2020,13.75,62636.83586,41042,37986.90574
24/7/2020,13.72,61995.46799,41101.5,33508.05942
25/7/2020,13.74,62422.46137,42000,39670.41506
26/7/2020,13.59,59276.44977,42636.2,41581.99794
27/7/2020,13.39,55279.84644,43002.5,42317.10034
28/7/2020,13.31,53742.73099,43340,43148.53419
29/7/2020,13.48,57050.80371,43309.2,43774.68905
30/7/2020,13.71,61782.84671,42605.8,43593.48083
31/7/2020,14,68190.04465,42332.5,44747.35781
1/8/2020,13.87,65255.44342,41909.6,41883.71019
2/8/2020,13.5,57450.42591,41310,41481.83057
3/8/2020,13.37,54892.32187,40893.6,40458.31256
4/8/2020,13.32,53932.9837,41071.7,40917.14627
5/8/2020,13.19,51501.15999,41429.5,41600.81152
6/8/2020,13.19,51501.15999,41609.1,41286.89444
7/8/2020,13.21,51869.48061,41250.4,41459.73083
8/8/2020,13.38,55085.81235,40834.3,40234.23222
9/8/2020,13.36,54699.37384,40244.5,40465.0683
10/8/2020,13.38,55085.81235,39631,40850.91801
11/8/2020,13.38,55085.81235,38965.9,38600.17997
12/8/2020,13.37,54892.32187,38364.8,36709.96134
13/8/2020,13.33,54123.77321,37656.8,36247.26139
14/8/2020,13.28,53175.1824,37152.2,37949.17859
15/8/2020,12.95,47241.7433,37320,37752.14919
16/8/2020,12.94,47070.57247,37152.2,37640.23719
17/8/2020,12.86,45718.93739,37460.1,37730.40383
18/8/2020,12.73,43588.70237,37628.7,38178.02638
19/8/2020,12.99,47931.39841,38364.8,38594.10457
20/8/2020,12.87,45886.1778,39369.9,40423.39925
21/8/2020,13.14,50589.47866,39718.3,42001.88447
22/8/2020,13.2,51685.05862,39485.8,40342.28423
23/8/2020,13.26,52799.48005,39514.9,39688.32027
24/8/2020,13.43,56061.4416,39341,39193.45772
25/8/2020,13.32,53932.9837,39369.9,39241.65852
26/8/2020,13.22,52054.42708,39456.8,39088.99168
27/8/2020,13.3,53553.01396,39138.7,38736.18177
28/8/2020,13.26,52799.48005,38052.3,37997.43255
29/8/2020,13.14,50589.47866,37376,37422.42732
30/8/2020,13.14,50589.47866,36403.3,36905.36091
31/8/2020,13.31,53742.73099,35555.3,36234.2189
1/9/2020,13.19,51501.15999,34880.5,36491.47242
2/9/2020,12.83,45220.13105,34559.5,37341.43472
3/9/2020,12.93,46899.89667,34559.5,36854.25383
4/9/2020,12.69,42949.43051,34532.9,34652.84916
5/9/2020,12.76,44073.1181,34373.1,32941.03499
6/9/2020,12.63,42004.56498,34160.9,33065.30401
7/9/2020,12.78,44398.4403,34134.4,32253.83731
8/9/2020,12.75,43911.17156,33765.2,33337.31326
9/9/2020,12.68,42790.78703,33529.1,33141.5809
10/9/2020,12.62,41848.71246,33086.1,32611.56791
11/9/2020,12.59,41383.92024,32390.1,31374.96288
12/9/2020,12.56,40923.25466,32007.4,31349.86785
13/9/2020,12.46,39417.15528,31175.6,30465.50327
14/9/2020,12.41,38680.87144,29941.4,29405.21261
15/9/2020,12.45,39269.01166,29456.5,28904.84957
16/9/2020,11.92,32029.1312,29024.3,28329.68859
17/9/2020,12.12,34623.70189,28905,28965.15891
18/9/2020,12.14,34892.10612,29312,29023.54571
19/9/2020,11.89,31653.70795,29722.6,29223.18697
20/9/2020,11.93,32155.05837,29844,28857.61665
21/9/2020,11.8,30548.44845,29771.1,27695.21864
22/9/2020,11.92,32029.1312,29722.6,28515.3464
23/9/2020,12.04,33566.50278,29504.8,28134.03973
24/9/2020,12.03,33436.18434,29336,27076.12599
25/9/2020,12.1,34356.94701,29746.8,27428.01008
26/9/2020,12.04,33566.50278,30901.4,29260.21441
27/9/2020,12.28,36817.75845,32390.1,30164.58985
28/9/2020,12.16,35162.16728,34134.4,30854.0945
29/9/2020,12.37,38099.77839,35691.2,33448.11881
30/9/2020,12.44,39121.31247,36568.9,33804.48966
1/10/2020,12.77,44235.54067,36818.2,33202.74772
2/10/2020,13.51,57651.07249,36985,29099.45421
3/10/2020,13.39,55279.84644,36541.3,29370.79879
4/10/2020,13.45,56455.53047,35501,32296.74432
5/10/2020,13.28,53175.1824,33817.8,31742.56549
6/10/2020,12.81,44890.01204,32518.3,29910.86558
7/10/2020,12.67,42632.61127,31225.6,29706.84927
8/10/2020,12.67,42632.61127,30185.7,29199.47292
9/10/2020,12.24,36259.13413,28785.9,28536.4371
10/10/2020,12.21,35844.61939,27705.3,27304.8641
11/10/2020,12.21,35844.61939,26991.7,26353.85943
12/10/2020,12.14,34892.10612,26088.2,25718.47934
13/10/2020,11.61,28316.13441,25203.9,25170.51532
14/10/2020,11.72,29592.0416,24104.1,24879.38906
15/10/2020,11.61,28316.13441,22501.7,24790.75889
16/10/2020,11.57,27863.20441,21419,24491.73425
17/10/2020,11.39,25895.96137,20274.2,20980.8104
18/10/2020,11.23,24241.81321,18802.7,19203.4707
19/10/2020,11.14,23349.09372,17907.2,17907.90588
20/10/2020,10.98,21826.89114,16363.9,15963.7663
21/10/2020,11.61,28316.13441,14703.6,14369.97457
22/10/2020,11.72,29592.0416,13907.5,13501.04217
23/10/2020,11.61,28316.13441,13081.1,13252.92162
24/10/2020,11.57,27863.20441,12009.9,12463.64249
25/10/2020,11.39,25895.96137,10892.2,11235.79227
26/10/2020,11.23,24241.81321,10396.5,10434.76884
27/10/2020,11.14,23349.09372,9854.45,10030.88131
28/10/2020,10.98,21826.89114,9483.48,9395.458215
29/10/2020,11.23,24241.81321,9167.65,8764.971028
30/10/2020,11.14,23349.09372,8858.52,8376.85964
31/10/2020,10.98,21826.89114,6028,6782.298826
1/11/2020,9.52,11261.07295,5793,6240.077229
2/11/2020,9.42,10725.32789,5647,5996.695964
3/11/2020,8.7,7438.678662,5351,5676.995237
4/11/2020,8.05,5213.930004,5090,5735.027532
5/11/2020,7.78,4463.19209,4936,5852.925291
6/11/2020,,,,
6/6/2021,7.88,4730.436815,3810,3394.782734
7/6/2021,7.83,4595.265104,5417.31,4803.125755
8/6/2021,9.42,10725.32789,3020,3611.171194
9/6/2021,8.7,7438.678662,2684,3537.712953
10/6/2021,8.05,5213.930004,2632,4419.293059
11/6/2021,7.78,4463.19209,2511,3616.796328
12/6/2021,7.88,4730.436815,2591,3964.073089
13/6/2021,7.83,4595.265104,2591,4511.859995
14/6/2021,7.93,4868.761154,5228.01,8357.251247
15/6/2021,7.99,5038.988678,2966,4897.376708
16/6/2021,7.82,4568.604321,2966,4144.907593
17/6/2021,7.72,4308.719722,2966,4251.104361
18/6/2021,8.05,5213.930004,3000,3682.358283
19/6/2021,8.12,5424.115061,3280,3951.125903
20/6/2021,8.11,5393.681863,4526,5275.973061
21/6/2021,7.78,4463.19209,6977.98,7294.996802
22/6/2021,8.37,6230.613082,11195,11613.70525
23/6/2021,8.39,6299.045548,14242,16797.17101
24/6/2021,9.11,9192.349253,16419,17002.00114
25/6/2021,10.91,21186.34239,17775,19695.43419
26/6/2021,11.52,27305.18776,17965,19396.88101
27/6/2021,11.43,26323.23896,17965,20137.1749
28/6/2021,11.1,22960.84466,20833.06,20503.1747
29/6/2021,11.41,26108.90303,18204,20707.53597
30/6/2021,11.27,24647.21318,18755,23606.00405
1/7/2021,11.4,26002.25834,18511,23188.61434
2/7/2021,11.31,25058.00228,18124,20354.78119
3/7/2021,11.37,25684.40721,17510,20501.59771
4/7/2021,11.69,29239.6101,17823,21013.91831
5/7/2021,11.34,25369.66277,20833.06,22392.59738
6/7/2021,11.31,25058.00228,20934,22215.58086
7/7/2021,11.23,24241.81321,22501,22873.33976
8/7/2021,11.36,25579.14834,22768,22690.6736
9/7/2021,11.69,29239.6101,23232,23202.58221
10/7/2021,12.2,35707.29095,22864,23368.387
11/7/2021,12.35,37811.85478,22673,24149.90584
12/7/2021,12.41,38680.87144,21334.59,22419.06357
13/7/2021,12.18,35433.89301,22482,22745.5798
14/7/2021,11.98,32790.63132,22482,23194.16003
15/7/2021,11.86,31281.80283,22482,23594.99015
16/7/2021,11.95,32408.09736,22482,24097.23777
17/7/2021,11.94,32281.38012,21771,23563.69824
18/7/2021,11.93,32155.05837,22293,23628.16351
19/7/2021,11.89,31653.70795,21428.84,22847.78629
20/7/2021,11.96,32535.21103,22106,22943.10704
21/7/2021,11.9,31778.45691,22293,22914.1832
22/7/2021,11.83,30913.39118,22673,23978.72459
23/7/2021,12,33047.64842,23251,24596.09098
24/7/2021,11.87,31405.38182,24600.18,25348.55339
25/7/2021,11.9,31778.45691,23643,25162.5205
26/7/2021,12.06,33828.35499,23737.96,25062.97551
27/7/2021,11.06,22577.76214,24201,24959.16855
28/7/2021,12.18,35433.89301,24555,24873.53435
29/7/2021,12.2,35707.29095,25078,25546.39379
30/7/2021,12.21,35844.61939,25663,25973.20019
31/7/2021,12.23,36120.54002,29167,28182.53007
1/8/2021,12.43,38974.05669,24954,28588.14494
2/8/2021,12.35,37811.85478,28389.55,28755.25367
3/8/2021,12.56,40923.25466,24688,29582.36214
4/8/2021,12.6,41538.39111,25411,28467.72638
5/8/2021,12.28,36817.75845,27527,30306.35876
6/8/2021,12.21,35844.61939,29805,30784.48934
7/8/2021,12.3,37099.6329,30888,31587.13777
8/8/2021,12.59,41383.92024,32382,34996.49962
9/8/2021,12.85,45552.18349,37134.82,37211.95496
10/8/2021,13.33,54123.77321,35325,36734.01856
11/8/2021,13.37,54892.32187,36677,38024.03212
12/8/2021,13.34,54315.10065,37811,38111.97877
13/8/2021,13.51,57651.07249,38915,39976.49972
14/8/2021,13.77,63067.34642,41879,42632.29254
15/8/2021,13.59,59276.44977,43428,44751.63246
16/8/2021,13.59,59276.44977,46687.16,46442.02656
17/8/2021,13.49,57250.3367,47138,47544.03576
18/8/2021,13.6,59482.16499,49157,50143.61123
19/8/2021,13.96,67276.10604,52425,52420.26151
20/8/2021,14.06,69579.49417,53894,52901.43918
21/8/2021,14.02,68650.71237,56392.09,52828.85725
22/8/2021,13.86,65033.94799,54085,52649.89263
23/8/2021,13.79,63500.21375,54829.06,51682.49364
24/8/2021,13.94,66822.81539,51134,49114.00424
25/8/2021,13.92,66371.96406,49334,47752.8972
26/8/2021,14.06,69579.49417,47413,46162.95668
27/8/2021,13.82,64153.95473,45220,44633.07245
28/8/2021,13.72,61995.46799,43943,41816.21763
29/8/2021,13.87,65255.44342,42822,41507.60677
30/8/2021,13.3,53553.01396,42632,41431.14185
31/8/2021,13.51,57651.07249,45489.93,41793.24415
1/9/2021,13.36,54699.37384,43878,42028.60297
2/9/2021,13.41,55669.54998,44725,44018.95741
3/9/2021,13.44,56258.21081,45718,44728.14277
4/9/2021,13.49,57250.3367,46593,44182.8574
5/9/2021,13.7,61570.80745,47138,44382.95199
6/9/2021,13.72,61995.46799,46780.06,41542.34997
7/9/2021,13.79,63500.21375,47379,44040.89374
8/9/2021,13.75,62636.83586,45552,43403.19541
9/9/2021,13.83,64373.0572,43460,40489.8495
10/9/2021,13.69,61359.34902,42035,39751.71689
11/9/2021,13.65,60519.29986,39984,36925.27769
12/9/2021,13.57,58866.72172,38273,37209.20375
13/9/2021,13.33,54123.77321,39844.09,39023.16647
14/9/2021,13.36,54699.37384,35762,37182.5182
15/9/2021,13.33,54123.77321,33488,36500.80838
16/9/2021,13.36,54699.37384,46222,41387.96285
17/9/2021,12.8,44725.67494,30067,32269.75627
18/9/2021,12.84,45385.91507,29006,30703.04511
19/9/2021,12.5,40014.19392,27661,29587.94544
20/9/2021,12.45,39269.01166,29266.81,30724.24162
21/9/2021,12.28,36817.75845,27885,29654.2202
22/9/2021,11.96,32535.21103,29099,29975.67931
23/9/2021,12.28,36817.75845,29592,28204.94659
24/9/2021,11.96,32535.21103,29710,29720.48513
25/9/2021,12.46,39417.15528,29456.43,29939.96807
26/9/2021,12.61,41693.32151,28867,29308.38273
27/9/2021,12.87,45886.1778,29340.83,28765.62959
28/9/2021,12.61,41693.32151,27438,28541.72246
29/9/2021,12.5,40014.19392,27840,28461.30885
30/9/2021,12.37,38099.77839,27305,27941.18353
1/10/2021,12.31,37241.21409,26865,26849.75867
2/10/2021,12.31,37241.21409,26258,26988.08453
3/10/2021,12.21,35844.61939,25663,26577.86373
4/10/2021,12.43,38974.05669,29117.64,28312.94996
5/10/2021,12.23,36120.54002,25895,26672.57697
6/10/2021,12.16,35162.16728,25747,26296.57754
7/10/2021,12.06,33828.35499,26194,26405.80957
8/10/2021,12.1,34356.94701,25853,26208.94956
9/10/2021,12.17,35297.8216,25016,26520.05665
10/10/2021,12.32,37383.2259,24525,25335.38385
11/10/2021,12.25,36398.15207,28986.69,24975.53728
12/10/2021,12.28,36817.75845,22980,23831.45851
13/10/2021,12.04,33566.50278,22162,23377.59153
14/10/2021,11.77,30186.95022,21186,22258.21629
15/10/2021,11.87,31405.38182,20123,21549.0207
16/10/2021,11.75,29947.853,19203,21730.43229
17/10/2021,11.55,27638.91685,18013,21219.37066
18/10/2021,11.52,27305.18776,21291.5,19173.5939
19/10/2021,11.41,26108.90303,16464,16991.59721
20/10/2021,12.04,33566.50278,16375,16493.86119
21/10/2021,11.77,30186.95022,16912,16373.01367
22/10/2021,11.87,31405.38182,18220,19027.48675
23/10/2021,11.75,29947.853,20738,22646.10939
24/10/2021,11.55,27638.91685,21789,23266.19094
25/10/2021,11.52,27305.18776,26316.78,24743.70273
26/10/2021,11.41,26108.90303,25537,23417.70693
27/10/2021,11.55,27638.91685,25684,22691.18851
28/10/2021,11.52,27305.18776,25684,19402.06568
29/10/2021,11.41,26108.90303,25684,22896.69692
30/10/2021,11.71,29474.19008,25684,22637.00847
31/10/2021,12.53,40466.68831,23941,23667.93037
1/11/2021,12.38,38244.39444,25706.95,24336.00505
2/11/2021,12.39,38389.44798,25036.02,24923.52239
3/11/2021,12.77,44235.54067,24515.9,25375.74562
4/11/2021,12.53,40466.68831,24277.43,25855.67818
5/11/2021,12.38,38244.39444,24049.23,24621.46541
