Date,Forecasted WL,FFWC Predicted Q ,Observed Q ,GBM Predicted Q 
6/6/2015,7.13,3004.785058,2822,1793.721511
7/6/2015,7.34,3426.471427,2906,1842.380876
8/6/2015,7.35,3447.668931,2991,1876.890865
9/6/2015,7.11,2966.891894,3040,1854.588089
10/6/2015,7.16,3062.347625,3206,1830.353006
11/6/2015,7.08,2910.767726,3616,1823.919406
12/6/2015,7.25,3240.331868,3835,1898.459749
13/6/2015,7.46,3687.820886,4025,1917.064205
14/6/2015,7.74,4359.728889,4437,1974.67042
15/6/2015,7.85,4648.958938,4853,1661.617782
16/6/2015,8.17,5578.342282,5314,1653.146825
17/6/2015,8.11,5393.681863,5771,1556.513836
18/6/2015,8,5067.815622,5602,1699.926426
19/6/2015,8.4,6333.485845,5050,1699.926426
20/6/2015,8.58,6979.541415,4901,2652.745215
21/6/2015,8.93,8385.922239,4919.667547,2521.580445
22/6/2015,8.38,6264.754789,5070,2602.85411
23/6/2015,9,8692.530442,4867,2444.808363
24/6/2015,7.94,4896.809126,5035,1556.513836
25/6/2015,8.07,5273.307973,5089,1844.278313
26/6/2015,8,5067.815622,5065,1858.790943
27/6/2015,8.16,5547.220474,5363,2026.078651
28/6/2015,8.72,7517.488847,5628,2050.561969
29/6/2015,8.2,5672.544195,5675,2367.256618
30/6/2015,8.17,5578.342282,6535,4215.418442
1/7/2015,8.04,5184.44168,6534,5668.378258
2/7/2015,8.57,6942.325297,6540,6753.695524
3/7/2015,8.19,5641.003679,6745,7445.151403
4/7/2015,9.34,10311.54045,7573,9896.909403
5/7/2015,8.49,6650.258283,9625,10475.60586
6/7/2015,8.49,6650.258283,10538,11961.18476
7/7/2015,9.1,9145.986066,11166,12111.80512
8/7/2015,9.49,11098.15829,12043,11221.46644
9/7/2015,9.79,12814.88803,12148,12004.95816
10/7/2015,10.9,21096.07295,12316,12242.79912
11/7/2015,10.34,16508.69709,11809,13320.67073
12/7/2015,10.77,19950.22748,11341,11024.08543
13/7/2015,10.71,19438.40671,11383,10935.28225
14/7/2015,9.88,13369.18141,11887,11362.74687
15/7/2015,9.95,13813.38034,12458,12460.7374
16/7/2015,9.76,12634.25454,12819,12585.45143
17/7/2015,9.97,13942.43212,13524,13451.60878
18/7/2015,10.78,20036.56598,14981,14220.43446
19/7/2015,10.85,20649.31564,16036,13873.6058
20/7/2015,10.7,19354.13119,16334,14114.51739
21/7/2015,10.82,20384.90521,16614,14951.78193
22/7/2015,11.11,23057.42054,17640,15778.42592
23/7/2015,9.08,9053.819233,18791,18285.15251
24/7/2015,11.45,26538.97598,19325,18897.39113
25/7/2015,11.07,22673.05123,19296,21665.30837
26/7/2015,11.45,26538.97598,18572,22165.11078
27/7/2015,11.86,31281.80283,17724,22975.45598
28/7/2015,11.99,32918.93981,17123,23576.86073
29/7/2015,11.82,30791.35938,16671,24065.42611
30/7/2015,11.61,28316.13441,16671,24238.20993
31/7/2015,11.24,24342.66087,17164,25460.29455
1/8/2015,11.25,24443.84287,17809,24699.23553
2/8/2015,11.19,23841.74946,19044,24211.30923
3/8/2015,11.09,22864.59168,20707,24559.44665
4/8/2015,11.45,26538.97598,22300,21516.18645
5/8/2015,11.11,23057.42054,23303,21820.18885
6/8/2015,11.66,28890.53448,23439,21255.20592
7/8/2015,12.19,35570.38248,23113,21193.71826
8/8/2015,12.46,39417.15528,21873,21121.13494
9/8/2015,12.75,43911.17156,21037,20987.17687
10/8/2015,12.87,45886.1778,20425,21143.82164
11/8/2015,12.05,33697.22602,19809,21951.72092
12/8/2015,11.97,32662.72204,19057,22141.13717
13/8/2015,11.83,30913.39118,18557,22776.12904
14/8/2015,11.75,29947.853,18630,26098.43615
15/8/2015,11.69,29239.6101,19281,26399.45238
16/8/2015,11.42,26215.89628,20597,28223.68279
17/8/2015,11.49,26974.68057,22102,28004.69944
18/8/2015,11.34,25369.66277,23423,28308.94031
19/8/2015,11.77,30186.95022,24794,28715.54346
20/8/2015,12.04,33566.50278,25329.453,30818.27614
21/8/2015,12.25,36398.15207,26970,31108.26779
22/8/2015,12.61,41693.32151,28722,32253.19008
23/8/2015,12.79,44561.81804,30394,33444.08226
24/8/2015,13.11,50048.67955,32062,29004.06462
25/8/2015,13.09,49690.71585,33215,28196.55534
26/8/2015,13.37,54892.32187,34798,28608.12052
27/8/2015,13.67,60938.1699,35349,28514.678
28/8/2015,13.9,65923.54223,35571,28291.2221
29/8/2015,14,68190.04465,34763,28213.59185
30/8/2015,13.86,65033.94799,33004,28327.95677
31/8/2015,13.69,61359.34902,31608,28413.33602
1/9/2015,13.73,62208.67248,30576,28374.67725
2/9/2015,13.52,57852.2776,29828,31139.53999
3/9/2015,13.45,56455.53047,29390,32315.78887
4/9/2015,13.1,49869.44153,29291,32563.41502
5/9/2015,13.16,50952.59326,29113,33025.4642
6/9/2015,13.07,49334.79718,28936,31816.25665
7/9/2015,12.83,45220.13105,28838,31768.94577
8/9/2015,13,48105.0605,28313,30322.94984
9/9/2015,13,48105.0605,27281,26107.62575
10/9/2015,12.84,45385.91507,25873,23742.13667
11/9/2015,12.74,43749.69999,24164,22837.41789
12/9/2015,12.68,42790.78703,22218,16491.34499
13/9/2015,12.56,40923.25466,20629,15635.70199
14/9/2015,12.39,38389.44798,19207,15480.14372
15/9/2015,11.92,32029.1312,18051,15482.775
16/9/2015,11.82,30791.35938,17178,15132.04524
17/9/2015,11.8,30548.44845,16455,15049.68541
18/9/2015,11.49,26974.68057,15883,14913.65306
19/9/2015,11.16,23545.17188,15324,15099.80346
20/9/2015,11.14,23349.09372,14779,15280.96035
21/9/2015,11.09,22864.59168,14468,15403.3488
22/9/2015,10.98,21826.89114,14016,11136.7994
23/9/2015,10.86,20738.05771,14186,11379.57785
24/9/2015,10.88,20916.45439,14481.00399,11276.59031
25/9/2015,10.69,19270.14735,14481.00399,11235.92281
26/9/2015,10.65,18937.11372,14474,11572.33771
27/9/2015,10.65,18937.11372,14357,12567.92378
28/9/2015,11.05,22482.79274,14077,10606.29597
29/9/2015,10.54,18044.88163,13776,10112.12094
30/9/2015,10.55,18124.58003,13269,10017.56482
1/10/2015,10.71,19438.40671,12661,9611.963222
2/10/2015,10.69,19270.14735,11963,10508.62407
3/10/2015,10.66,19019.93837,11114,10663.62625
4/10/2015,10.51,17807.46209,10464,10030.9955
5/10/2015,9.75,12574.49681,9927,11405.96075
6/10/2015,9.99,14072.44372,9317,11082.17569
7/10/2015,9.76,12634.25454,8731,10989.00641
8/10/2015,8.97,8560.051096,8298,10909.32919
9/10/2015,9.24,9812.318025,7971,7999.358149
10/10/2015,9.18,9522.166593,7484,7149.316387
11/10/2015,8.33,6095.527124,7025,7014.001356
12/10/2015,8.77,7717.430809,6614,6278.222121
13/10/2015,8.67,7321.700314,6241,5359.155679
14/10/2015,8.41,6368.076166,5937,4683.727751
15/10/2015,8.27,5897.287968,5835.50871,3666.334431
16/10/2015,8.12,5424.115061,5835.50871,3313.02434
17/10/2015,7.98,5010.292669,5492,3076.806182
18/10/2015,8.19,5641.003679,5276,2334.628042
19/10/2015,8.06,5243.551951,5040,2114.455773
20/10/2015,8.01,5096.773947,4859,2032.744228
21/10/2015,8.02,5125.8641,4753.563399,2013.396114
22/10/2015,7.95,4924.985823,4572,2471.259907
23/10/2015,7.83,4595.265104,4432.692157,2425.983775
24/10/2015,7.88,4730.436815,4222,2552.473116
25/10/2015,7.64,4109.421192,4142,2513.290707
26/10/2015,7.55,3894.072063,4026,2513.290707
27/10/2015,7.38,3511.889755,3714,2513.290707
28/10/2015,7.2,3140.462303,3650,2513.290707
29/10/2015,7.01,2783.100461,3635.447164,2513.290707
30/10/2015,6.98,2729.772444,3635.447164,2513.290707
31/10/2015,6.85,2508.018818,3479,2473.181842
1/11/2015,6.73,2316.307618,3519,2073.164668
2/11/2015,6.65,2195.13121,3480,2061.977352
3/11/2015,6.52,2009.047062,3461,1940.911301
4/11/2015,6.3,1722.950001,3442,1922.839295
5/11/2015,6.22,1627.376615,3390,1742.093694
6/11/2015,,,,
6/6/2016,6.05,1438.303606,1522,1532.54101
7/6/2016,6.45,1914.194246,1443,1556.513836
8/6/2016,6.24,1650.8633,1399,1556.513836
9/6/2016,5.88,1267.17846,1355,1556.513836
10/6/2016,5.78,1174.372704,1320,1556.513836
11/6/2016,5.57,997.0991935,1261,1556.513836
12/6/2016,5.7,1104.102507,1211,1556.513836
13/6/2016,6.27,1686.599492,1364,1556.513836
14/6/2016,6.51,1995.271885,1540,1556.513836
15/6/2016,6.17,1569.824283,1645,1556.513836
16/6/2016,6.67,2224.939768,1721,1556.513836
17/6/2016,6.8,2426.659718,1863,1580.997155
18/6/2016,6.85,2508.018818,2162,1601.364163
19/6/2016,7.01,2783.100461,2543,1601.364163
20/6/2016,7.63,4085.035074,2881,1699.926426
21/6/2016,7.73,4334.164453,2943,1699.926426
22/6/2016,7.18,3101.208801,2915,2546.063763
23/6/2016,7.51,3801.299048,3079,2815.801309
24/6/2016,8.12,5424.115061,3682,3370.747218
25/6/2016,7.99,5038.988678,4367,5208.360047
26/6/2016,7.86,4675.992849,5287,6833.646371
27/6/2016,8.21,5704.225209,5526,8108.966302
28/6/2016,8.76,7677.107013,6155,8554.661426
29/6/2016,9.33,10260.72555,6269,8819.273631
30/6/2016,9.62,11817.95002,6062,8910.244088
1/7/2016,9.18,9522.166593,5780,9134.008738
2/7/2016,9.8,12875.55476,5666,9229.897548
3/7/2016,9.5,11152.25288,5745,9471.055182
4/7/2016,9.07,9008.014465,5745,9146.285513
5/7/2016,8.98,8604.03066,6381,9279.290634
6/7/2016,9.65,11989.22565,6874,9694.088363
7/7/2016,9.37,10465.19059,7224,10879.99647
8/7/2016,9.83,13058.93061,7880,11230.94195
9/7/2016,9.89,13431.93106,8649,11548.78742
10/7/2016,9.94,13749.21273,9907,11670.2202
11/7/2016,10.51,17807.46209,11142,11986.5294
12/7/2016,9.47,10990.59696,12252,12923.6923
13/7/2016,10.31,16287.56347,13064,11981.19657
14/7/2016,10.53,17965.46299,14939,11908.29136
15/7/2016,11.02,22199.79468,20139,12293.91279
16/7/2016,11.21,24041.11761,23726,16199.15012
17/7/2016,11.24,24342.66087,26159,21463.56062
18/7/2016,11.27,24647.21318,28395,22264.52982
19/7/2016,11.62,28430.27927,30588,22863.29078
20/7/2016,12.32,37383.2259,33714,24781.14638
21/7/2016,12.58,41229.90789,36281,25721.19167
22/7/2016,12.71,43268.12478,38774,27204.53745
23/7/2016,12.96,47413.41024,40062,30667.73927
24/7/2016,13.18,51317.78363,40635,30269.2383
25/7/2016,13.54,58256.36805,41965,29336.69175
26/7/2016,13.35,54506.96715,43280,33700.89389
27/7/2016,13.43,56061.4416,44448,36517.43988
28/7/2016,13.37,54892.32187,45726,37942.75471
29/7/2016,13.42,55865.22171,47436,40648.42323
30/7/2016,13.5,57450.42591,48123,42572.13459
31/7/2016,13.69,61359.34902,48169,44021.87427
1/8/2016,13.71,61782.84671,48353,45364.3689
2/8/2016,13.77,63067.34642,48353,46632.43001
3/8/2016,13.88,65477.54013,47710,46687.09847
4/8/2016,13.73,62208.67248,46756,46924.90987
5/8/2016,13.67,60938.1699,45814,42072.63259
6/8/2016,13.76,62851.79715,45062,40641.8266
7/8/2016,13.65,60519.29986,43367,38846.3795
8/8/2016,13.7,61570.80745,40883,38600.09205
9/8/2016,13.32,53932.9837,38774,37775.71173
10/8/2016,13.48,57050.80371,37241,38168.93365
11/8/2016,13.41,55669.54998,35862,39201.62922
12/8/2016,13.25,52612.42451,34776,38892.30347
13/8/2016,12.83,45220.13105,34739,39352.44145
14/8/2016,12.65,42317.65884,35447,38690.80279
15/8/2016,12.93,46899.89667,36356,33767.19433
16/8/2016,12.94,47070.57247,38259,31573.69839
17/8/2016,13.08,49512.50143,40431,30560.28601
18/8/2016,12.98,47758.23672,42683,30528.34566
19/8/2016,13.39,55279.84644,43926,29997.9581
20/8/2016,13.34,54315.10065,44579,29606.38085
21/8/2016,13.55,58459.25571,46127,32945.44112
22/8/2016,13.62,59895.30365,47573,31848.73634
23/8/2016,13.77,63067.34642,49190,31427.47366
24/8/2016,13.73,62208.67248,51273,40938.66853
25/8/2016,13.72,61995.46799,53463,42172.5842
26/8/2016,13.84,64592.75609,55765,42923.95138
27/8/2016,13.85,64813.05262,57405,44238.84445
28/8/2016,14.17,72185.42135,57560,44532.14558
29/8/2016,14.31,75614.01894,56992,46794.20111
30/8/2016,14.42,78397.99532,56530,46918.82786
31/8/2016,14.42,78397.99532,55917,40884.51525
1/9/2016,14.18,72426.1296,55007,39198.84829
2/9/2016,14.09,70282.63531,52923,39165.42489
3/9/2016,14.08,70047.62817,49661,38220.64747
4/9/2016,13.8,63717.53421,44765,38131.26158
5/9/2016,13.85,64813.05262,38503,37607.28652
6/9/2016,13.61,59688.44922,33574,37317.62916
7/9/2016,13.25,52612.42451,29977,35697.38593
8/9/2016,12.74,43749.69999,28948,35309.46892
9/9/2016,12.47,39565.74432,28817,35498.32521
10/9/2016,12,33047.64842,28621,39506.81713
11/9/2016,11.82,30791.35938,28265,40997.90185
12/9/2016,11.59,28088.94127,28103,42020.75109
13/9/2016,12.22,35982.36876,28200.5252,30725.27875
14/9/2016,12.16,35162.16728,28662,29761.11598
15/9/2016,12.23,36120.54002,29145,28528.85809
16/9/2016,12.07,33959.89064,28981,27945.163
17/9/2016,12.32,37383.2259,27721,26463.80562
18/9/2016,12.94,47070.57247,26096,26197.9308
19/9/2016,12.84,45385.91507,25428,25900.38122
20/9/2016,12.39,38389.44798,25248,24189.88687
21/9/2016,12.25,36398.15207,24891,23357.15705
22/9/2016,11.84,31035.80842,24566,23394.48345
23/9/2016,11.75,29947.853,24478,26996.06783
24/9/2016,12.04,33566.50278,24772,27030.58251
25/9/2016,11.99,32918.93981,24891,27141.31816
26/9/2016,11.83,30913.39118,24980,26685.36597
27/9/2016,11.9,31778.45691,24802,26685.36597
28/9/2016,11.91,31903.59769,24361,26638.09601
29/9/2016,11.97,32662.72204,24981,26814.14241
30/9/2016,12.01,33176.75809,26311,25660.46239
1/10/2016,12.06,33828.35499,27245,25308.05387
2/10/2016,12.14,34892.10612,28007,25160.23268
3/10/2016,11.61,28316.13441,28883,23959.78825
4/10/2016,11.97,32662.72204,29976,23325.76753
5/10/2016,12.2,35707.29095,30313,22994.33418
6/10/2016,12.27,36677.46326,28982,22708.94205
7/10/2016,12.36,37955.59883,26839,22482.07119
8/10/2016,12.52,40315.40575,24510,22646.24858
9/10/2016,12.53,40466.68831,22291,22603.3494
10/10/2016,12.47,39565.74432,20677,18222.44243
11/10/2016,12.12,34623.70189,20260,18610.78803
12/10/2016,11.78,30307.06842,20364,18622.71118
13/10/2016,11.6,28202.35537,20157,17879.93483
14/10/2016,11.22,24141.29907,20132,17369.13597
15/10/2016,11.12,23154.32014,20730,16864.07228
16/10/2016,11.32,25161.54784,21392,14589.78996
17/10/2016,11.5,27084.49308,21339,11850.02415
18/10/2016,11.61,28316.13441,20730,11271.77193
19/10/2016,11.6,28202.35537,19324,10442.45524
20/10/2016,11.76,30067.21205,17082.99312,9800.285052
21/10/2016,11.84,31035.80842,15031,9270.079775
22/10/2016,11.64,28659.66997,14461,9027.336011
23/10/2016,11.55,27638.91685,13652,14242.37482
24/10/2016,11.43,26323.23896,12037,13853.31112
25/10/2016,11.35,25474.2338,9874,13959.91177
26/10/2016,10.34,16508.69709,9019,13936.38901
27/10/2016,10.18,15356.44949,8430,13160.4726
28/10/2016,9.48,11044.27319,7866,13115.24007
29/10/2016,9.21,9666.374019,7460.864407,11953.04745
30/10/2016,8.76,7677.107013,6799,11898.25373
31/10/2016,7.55,3894.072063,6562,11691.70167
1/11/2016,7.45,3665.453036,6481.553439,11898.25373
2/11/2016,6.69,2255.070295,7541,8040.236674
3/11/2016,6.1,1491.99019,7046,7280.876041
4/11/2016,5.92,1305.898535,6621,7148.838412
5/11/2016,5.73,1130.049223,6451,6765.815273
6/11/2016,,,,
6/6/2017,5.77,1165.398953,788,1532.54101
7/6/2017,5.97,1355.619492,1012,1556.513836
8/6/2017,6.28,1698.647685,1267,1556.513836
9/6/2017,6.29,1710.764424,1491,1556.513836
10/6/2017,7.29,3322.037485,1592,1556.513836
11/6/2017,7.57,3941.130852,1558,1556.513836
12/6/2017,7.64,4109.421192,1417,1556.513836
13/6/2017,7.24,3220.158093,1248,1556.513836
14/6/2017,6.75,2347.419633,1112,1556.513836
15/6/2017,6.44,1900.940681,1045,1556.513836
16/6/2017,6.3,1722.950001,1021,1556.513836
17/6/2017,6.09,1481.127065,1012,1580.997155
18/6/2017,6.16,1558.511156,1053,1601.364163
19/6/2017,6.52,2009.047062,1921.5,1601.364163
20/6/2017,6.92,2625.561579,1427,1699.926426
21/6/2017,6.96,2694.675565,1759,1699.926426
22/6/2017,7.24,3220.158093,2036,2546.063763
23/6/2017,7.52,3824.325233,2239,2815.801309
24/6/2017,7.7,4258.187699,2363,3370.747218
25/6/2017,8.02,5125.8641,2426,5208.360047
26/6/2017,7.84,4622.049833,2591,6833.646371
27/6/2017,7.82,4568.604321,2591,8108.966302
28/6/2017,7.82,4568.604321,2591,8554.661426
29/6/2017,7.65,4133.92328,2591,8819.273631
30/6/2017,7.9,4785.385194,2591,8910.244088
1/7/2017,7.83,4595.265104,2591,9134.008738
2/7/2017,7.85,4648.958938,2591,9229.897548
3/7/2017,7.87,4703.151997,3469.9,9471.055182
4/7/2017,7.98,5010.292669,3796,9146.285513
5/7/2017,8.16,5547.220474,4233,9279.290634
6/7/2017,8,5067.815622,4785,9694.088363
7/7/2017,8.36,6196.619945,5832,10879.99647
8/7/2017,9.05,8916.959428,6722,11230.94195
9/7/2017,8.94,8429.187135,8138,11548.78742
10/7/2017,9.15,9379.68028,6630.88,11670.2202
11/7/2017,9.78,12754.44951,9763,11986.5294
12/7/2017,10,14137.81112,11920,12923.6923
13/7/2017,10.08,14669.51674,16657,11981.19657
14/7/2017,11.03,22293.80981,20210,11908.29136
15/7/2017,10.48,17572.54072,22331,12293.91279
16/7/2017,10.7,19354.13119,22980,16199.15012
17/7/2017,11.41,26108.90303,19837.51,21463.56062
18/7/2017,12.07,33959.89064,23941,22264.52982
19/7/2017,12.14,34892.10612,23941,22863.29078
20/7/2017,12.16,35162.16728,23941,24781.14638
21/7/2017,12.05,33697.22602,22199,25721.19167
22/7/2017,12.16,35162.16728,20227,27204.53745
23/7/2017,12.25,36398.15207,19303,30667.73927
24/7/2017,12.01,33176.75809,15444.82,30269.2383
25/7/2017,11.8,30548.44845,17807,29336.69175
26/7/2017,11.32,25161.54784,17309,33700.89389
27/7/2017,11.44,26430.93191,16582,36517.43988
28/7/2017,11.18,23742.56113,17432,37942.75471
29/7/2017,11.01,22106.09605,17965,40648.42323
30/7/2017,11.32,25161.54784,19489,42572.13459
31/7/2017,11.07,22673.05123,19406.66,44021.87427
1/8/2017,11.3,24954.79686,23941,45364.3689
2/8/2017,11.4,26002.25834,24443,46632.43001
3/8/2017,11.54,27527.31439,24201,46687.09847
4/8/2017,12,33047.64842,23881,46924.90987
5/8/2017,12.05,33697.22602,23349,42072.63259
6/8/2017,12.08,34091.83389,23643,40641.8266
7/8/2017,12.24,36259.13413,21228.67,38846.3795
8/8/2017,11.84,31035.80842,24975,38600.09205
9/8/2017,11.91,31903.59769,25516,37775.71173
10/8/2017,12.1,34356.94701,26690,38168.93365
11/8/2017,12.35,37811.85478,28774,39201.62922
12/8/2017,12.39,38389.44798,29828,38892.30347
13/8/2017,12.67,42632.61127,32357,39352.44145
14/8/2017,12.68,42790.78703,35844,38690.80279
15/8/2017,12.96,47413.41024,39387,33767.19433
16/8/2017,13.32,53932.9837,47228.66,31573.69839
17/8/2017,13.19,51501.15999,43717,30560.28601
18/8/2017,13.47,56851.82577,45385,30528.34566
19/8/2017,13.74,62422.46137,46729,29997.9581
20/8/2017,14.01,68420.06928,48928.16,29606.38085
21/8/2017,13.82,64153.95473,49034.71,32945.44112
22/8/2017,14,68190.04465,49013.5,31848.73634
23/8/2017,14.23,73639.29277,47036,31427.47366
24/8/2017,14.27,74621.44592,46255,40938.66853
25/8/2017,14.23,73639.29277,44890,42172.5842
26/8/2017,13.95,67049.15519,42380,42923.95138
27/8/2017,13.85,64813.05262,40164,44238.84445
28/8/2017,13.74,62422.46137,43405.32,44532.14558
29/8/2017,13.29,53363.83147,38099,46794.20111
30/8/2017,13.27,52987.06563,42587.71,46918.82786
31/8/2017,12.84,45385.91507,34359,40884.51525
1/9/2017,12.8,44725.67494,38424.25,39198.84829
2/9/2017,12.9,46390.82878,32918,39165.42489
3/9/2017,12.9,46390.82878,31928,38220.64747
4/9/2017,12.88,46053.9058,32721.44,38131.26158
5/9/2017,12.71,43268.12478,31504,37607.28652
6/9/2017,12.52,40315.40575,30500,37317.62916
7/9/2017,12.41,38680.87144,30115,35697.38593
8/9/2017,12.38,38244.39444,29947,35309.46892
9/9/2017,12.37,38099.77839,29615,35498.32521
10/9/2017,12.41,38680.87144,28088,39506.81713
11/9/2017,12.41,38680.87144,30159.02,40997.90185
12/9/2017,12.25,36398.15207,23349,42020.75109
13/9/2017,12.21,35844.61939,22218,30725.27875
14/9/2017,11.98,32790.63132,21956,29761.11598
15/9/2017,11.75,29947.853,21734,28528.85809
16/9/2017,11.59,28088.94127,20667,27945.163
17/9/2017,11.48,26865.22346,20088,26463.80562
18/9/2017,11.44,26430.93191,25919.46,26197.9308
19/9/2017,11.63,28544.79083,18608,25900.38122
20/9/2017,11.47,26756.1209,17588,24189.88687
21/9/2017,11.43,26323.23896,16642,23357.15705
22/9/2017,11.34,25369.66277,16434,23394.48345
23/9/2017,11.27,24647.21318,16612,26996.06783
24/9/2017,11.01,22106.09605,16141,27030.58251
25/9/2017,10.83,20472.74016,17664.23,27141.31816
26/9/2017,10.7,19354.13119,14886,26685.36597
27/9/2017,11.16,23545.17188,14468,26685.36597
28/9/2017,11.07,22673.05123,14203,26638.09601
29/9/2017,11.06,22577.76214,14137,26814.14241
30/9/2017,10.99,21919.64507,14137,25660.46239
1/10/2017,10.98,21826.89114,14295,25308.05387
2/10/2017,10.96,21642.32245,14197.48,25160.23268
3/10/2017,10.35,16582.93804,13659,23959.78825
4/10/2017,10.64,18854.57699,13621,23325.76753
5/10/2017,10.8,20210.13701,13558,22994.33418
6/10/2017,10.83,20472.74016,15426,22708.94205
7/10/2017,10.72,19522.97466,15078,22482.07119
8/10/2017,10.44,17263.16427,14845,22646.24858
9/10/2017,10.97,21734.45053,14230.77,22603.3494
10/10/2017,11.03,22293.80981,13749,18222.44243
11/10/2017,10.79,20123.20223,12814,18610.78803
12/10/2017,10.63,18772.32744,12290,18622.71118
13/10/2017,10.57,18284.8191,12139,17879.93483
14/10/2017,10.42,17110.11389,12104,17369.13597
15/10/2017,10.5,17728.87837,12514,16864.07228
16/10/2017,10.12,14941.28383,12409.33,14589.78996
17/10/2017,10.14,15078.66492,10725,11850.02415
18/10/2017,10.8,20210.13701,9408,11271.77193
19/10/2017,10.83,20472.74016,8916,10442.45524
20/10/2017,10.72,19522.97466,8657,9800.285052
21/10/2017,10.44,17263.16427,8657,9270.079775
22/10/2017,10.97,21734.45053,8657,9027.336011
23/10/2017,11.03,22293.80981,9506.66,14242.37482
24/10/2017,10.79,20123.20223,7190,13853.31112
25/10/2017,10.63,18772.32744,6402,13959.91177
26/10/2017,10.57,18284.8191,6333,13936.38901
27/10/2017,10.42,17110.11389,6333,13160.4726
28/10/2017,10.5,17728.87837,6244,13115.24007
29/10/2017,10.12,14941.28383,5832,11953.04745
30/10/2017,10.14,15078.66492,6023.5,11898.25373
31/10/2017,10.99,21919.64507,5273,11691.70167
1/11/2017,10.98,21826.89114,5137,11898.25373
2/11/2017,10.96,21642.32245,4930,8040.236674
3/11/2017,10.35,16582.93804,4568,7280.876041
4/11/2017,10.64,18854.57699,4489,7148.838412
5/11/2017,10.8,20210.13701,4385,6765.815273
6/11/2017,,,,
6/6/2018,6.29,1710.764424,947,1556.513836
7/6/2018,6.51,1995.271885,892,1556.513836
8/6/2018,6.62,2151.016437,778,1556.513836
9/6/2018,6.66,2209.995404,674,1556.513836
10/6/2018,6.69,2255.070295,631,1556.513836
11/6/2018,6.69,2255.070295,1501.55,1556.513836
12/6/2018,6.46,1927.521409,581,1556.513836
13/6/2018,6.45,1914.194246,604,1556.513836
14/6/2018,6.13,1524.961391,642,1556.513836
15/6/2018,5.84,1229.379613,700,1565.951078
16/6/2018,5.83,1220.071911,778,1701.939995
17/6/2018,5.78,1174.372704,884,1755.199647
18/6/2018,5.85,1238.743863,1576.87,1782.080624
19/6/2018,8.7,7438.678662,1305,3345.208312
20/6/2018,10.35,16582.93804,1725,3503.166342
21/6/2018,6.16,1558.511156,2039,4204.13547
22/6/2018,6.32,1747.528834,2611,4546.902305
23/6/2018,6.56,2064.908353,2790,4899.020171
24/6/2018,6.82,2458.946736,2736,5378.864407
25/6/2018,7.21,3160.237098,2332.26,5431.632502
26/6/2018,7.46,3687.820886,2423,5843.950882
27/6/2018,7.83,4595.265104,2491,4657.294812
28/6/2018,6.89,2574.659996,2873,4349.531887
29/6/2018,7.83,4595.265104,2966,4321.901162
30/6/2018,7.72,4308.719722,2966,4548.362874
1/7/2018,7.62,4060.764517,2966,4627.607136
2/7/2018,7.74,4359.728889,3128.64,5056.710285
3/7/2018,7.96,4953.291685,2966,7279.875154
4/7/2018,7.97,4981.727153,3460,8105.512994
5/7/2018,7.97,4981.727153,4385,7675.369706
6/7/2018,7.98,5010.292669,5131,8472.570212
7/7/2018,8.01,5096.773947,6628,9536.573994
8/7/2018,8.07,5273.307973,7880,10051.86743
9/7/2018,8.15,5516.237308,7974.28,9802.358598
10/7/2018,8.28,5929.965594,9436,9766.13483
11/7/2018,8.33,6095.527124,9090,9595.68828
12/7/2018,8.4,6333.485845,8871,9182.711459
13/7/2018,8.41,6368.076166,9295,10035.24267
14/7/2018,9.48,11044.27319,9822,9902.502624
15/7/2018,10.03,14335.36768,10079,10267.30315
16/7/2018,9.93,13685.28309,8718.76,11489.37272
17/7/2018,9.9,13494.9154,10883,13955.16073
18/7/2018,10.04,14401.70688,11098,14380.55017
19/7/2018,10.11,14872.9687,11098,14597.60619
20/7/2018,10.16,15217.05165,11098,14712.8764
21/7/2018,10.18,15356.44949,11989,14878.68985
22/7/2018,10.33,16434.72149,12325,14860.91418
23/7/2018,10.35,16582.93804,9169.34,14805.32771
24/7/2018,10.36,16657.44503,11931,14977.66165
25/7/2018,10.45,17340.09784,11671,15474.7557
26/7/2018,10.53,17965.46299,11163,16838.02559
27/7/2018,10.57,18284.8191,11163,16598.76604
28/7/2018,10.56,18204.55895,11163,17034.18951
29/7/2018,10.48,17572.54072,12443,18077.69252
30/7/2018,10.44,17263.16427,10570.28,19107.29381
31/7/2018,10.34,16508.69709,15356,19900.41261
1/8/2018,10.35,16582.93804,17838,21973.77491
2/8/2018,10.42,17110.11389,21459,22187.24184
3/8/2018,10.62,18690.36432,25558,22247.77285
4/8/2018,10.88,20916.45439,28361,22509.80333
5/8/2018,11.06,22577.76214,29781,23894.49841
6/8/2018,11.47,26756.1209,28412.21,24245.11568
7/8/2018,11.78,30307.06842,30669,25388.07232
8/8/2018,12.16,35162.16728,32408,29368.8916
9/8/2018,12.42,38827.24335,33358,31036.65825
10/8/2018,12.59,41383.92024,33436,31951.07988
11/8/2018,12.64,42160.8801,35849.05,32371.60853
12/8/2018,12.93,46899.89667,32611,33927.64804
13/8/2018,12.95,47241.7433,32710.44,36100.58377
14/8/2018,12.98,47758.23672,31035,36420.1958
15/8/2018,12.89,46222.12244,30621,37589.99354
16/8/2018,12.9,46390.82878,30718,41227.08718
17/8/2018,12.82,45054.83039,30403,41994.79936
18/8/2018,12.75,43911.17156,29828,33881.22799
19/8/2018,12.68,42790.78703,29828,32374.35291
20/8/2018,12.66,42474.90222,32529.92,31387.75475
21/8/2018,12.66,42474.90222,32529.92,31786.83439
22/8/2018,12.64,42160.8801,32529.92,31823.65993
23/8/2018,12.58,41229.90789,29662,31840.77081
24/8/2018,12.6,41538.39111,29192,31952.27596
25/8/2018,12.63,42004.56498,29006,31086.34971
26/8/2018,5.55,981.3990382,29006,31273.06123
27/8/2018,12.62,41848.71246,32488.31,31430.15756
28/8/2018,12.58,41229.90789,30451,31730.45035
29/8/2018,12.54,40618.42331,31653,31857.36437
30/8/2018,12.53,40466.68831,35441.84,31883.64976
31/8/2018,12.53,40466.68831,32408,32028.37717
1/9/2018,12.53,40466.68831,33280,31596.64729
2/9/2018,12.62,41848.71246,34410,31779.68848
3/9/2018,12.66,42474.90222,36750.36,31861.29535
4/9/2018,12.77,44235.54067,36817,35629.01182
5/9/2018,12.81,44890.01204,37811,36857.5254
6/9/2018,12.81,44890.01204,37811,36437.36417
7/9/2018,12.94,47070.57247,38680,37061.73982
8/9/2018,13.07,49334.79718,39984.64,37181.89447
9/9/2018,13.19,51501.15999,40648,38482.48945
10/9/2018,13.3,53553.01396,40749.14,38075.89778
11/9/2018,13.42,55865.22171,41631,37863.7489
12/9/2018,13.45,56455.53047,41383,37482.92192
13/9/2018,13.56,58662.70654,42160,37457.68833
14/9/2018,13.7,61570.80745,42885,35389.11398
15/9/2018,13.45,56455.53047,38157,34598.68946
16/9/2018,13.47,56851.82577,44398,34222.72522
17/9/2018,13.45,56455.53047,45220,37938.55716
18/9/2018,13.5,57450.42591,44857,36477.54463
19/9/2018,13.55,58459.25571,43460,37104.87844
20/9/2018,13.63,60102.72945,39269,37267.96809
21/9/2018,13.65,60519.29986,35189,36336.55808
22/9/2018,13.69,61359.34902,44725,35528.68113
23/9/2018,13.65,60519.29986,37725,32508.18958
24/9/2018,13.56,58662.70654,23722.02,29520.60789
25/9/2018,13.24,52425.89792,19692,29790.57192
26/9/2018,13.05,48980.91479,18300,34463.05283
27/9/2018,12.64,42160.8801,16958,28013.90754
28/9/2018,12.16,35162.16728,15709,26721.8094
29/9/2018,11.88,31529.34989,14535,25737.74878
30/9/2018,11.56,27750.8799,13685,24481.97548
1/10/2018,11.41,26108.90303,13375.4,22992.43844
2/10/2018,11.24,24342.66087,11817,22348.9014
3/10/2018,11.07,22673.05123,11272,18375.07139
4/10/2018,10.9,21096.07295,11749,16164.11652
5/10/2018,10.77,19950.22748,11425,15274.91829
6/10/2018,10.67,19103.05169,10683,14446.83056
7/10/2018,10.27,15996.40043,9666,13293.20987
8/10/2018,10.09,14737.08583,10133.7,12645.05181
9/10/2018,10,14137.81112,8754,12572.4511
10/10/2018,9.94,13749.21273,8674,12351.31286
11/10/2018,9.84,13120.51661,8560,12549.80513
12/10/2018,9.72,12396.57497,8621,12071.13443
13/10/2018,10.61,18608.68688,8648,10048.56573
14/10/2018,10.09,14737.08583,8411,9763.968142
15/10/2018,9.86,13244.38355,9001.58,9507.973532
16/10/2018,9.83,13058.93061,7533,7651.862918
17/10/2018,9.85,13182.33404,6333,7432.019422
18/10/2018,9.85,13182.33404,5943,6782.213284
19/10/2018,9.79,12814.88803,6361,6212.563692
20/10/2018,9.65,11989.22565,5851,5360.143936
21/10/2018,9.47,10990.59696,5096,5088.556991
22/10/2018,9.23,9763.476111,7714.42,4977.120797
23/10/2018,9.03,8826.640007,4542,4777.064211
24/10/2018,8.86,8088.002168,4334,4799.784033
25/10/2018,8.71,7478.000947,4188,4643.800798
26/10/2018,8.67,7321.700314,3917,6466.363453
27/10/2018,9.23,9763.476111,3737,6762.126594
28/10/2018,9.03,8826.640007,3710,6820.59633
29/10/2018,8.86,8088.002168,6791.14,7014.001356
30/10/2018,8.71,7478.000947,3486,6995.529223
31/10/2018,8.67,7321.700314,3401,6687.200987
1/11/2018,9.85,13182.33404,3244,7017.602881
2/11/2018,9.79,12814.88803,3136,7026.484419
3/11/2018,9.65,11989.22565,3120,6673.401576
4/11/2018,9.47,10990.59696,3112,6240.536175
5/11/2018,9.47,10990.59696,3101,4215.684796
6/11/2018,,,,
6/7/2019,8.06,5243.551951,2758,2356.481157
7/7/2019,7.96,4953.291685,2491,2675.695371
8/7/2019,8.09,5333.224049,3700.37,2735.602995
9/7/2019,7.96,4953.291685,2491,3666.557459
10/7/2019,7.85,4648.958938,2733,5319.452405
11/7/2019,7.86,4675.992849,3224,8193.138203
12/7/2019,7.69,4233.099573,3964,8096.959792
13/7/2019,7.63,4085.035074,5249,8405.49274
14/7/2019,7.72,4308.719722,7137,8375.155548
15/7/2019,7.87,4703.151997,9863.41,8503.674603
16/7/2019,8.13,5454.685062,15230,8603.18915
17/7/2019,8.48,6614.450144,21295,8880.810913
18/7/2019,8.99,8648.190259,26344,13401.57041
19/7/2019,9.55,11425.88942,29615,14797.32205
20/7/2019,10.34,16508.69709,31678,13809.56739
21/7/2019,11.13,23251.54426,32104,25640.23624
22/7/2019,11.9,31778.45691,31168.68,27078.43499
23/7/2019,12.4,38534.93998,29497,28065.63648
24/7/2019,12.63,42004.56498,27062,29387.28859
25/7/2019,12.73,43588.70237,26344,30658.05787
26/7/2019,7.87,4703.151997,25811,32517.21535
27/7/2019,8.13,5454.685062,26002,34857.018
28/7/2019,8.48,6614.450144,26625,36385.32767
29/7/2019,8.99,8648.190259,30356.93,37925.51727
30/7/2019,9.55,11425.88942,26087,40517.66996
31/7/2019,10.34,16508.69709,25600,29185.85992
1/8/2019,11.13,23251.54426,25286,27270.63992
2/8/2019,11.9,31778.45691,24749,25987.47256
3/8/2019,12.4,38534.93998,22218,23985.22178
4/8/2019,12.63,42004.56498,21715,23820.47647
5/8/2019,12.73,43588.70237,28251.12,23738.03785
6/8/2019,9.55,11425.88942,20227,23660.23062
7/8/2019,10.34,16508.69709,19744,25039.96606
8/8/2019,11.13,23251.54426,19898,25465.51715
9/8/2019,12.73,43588.70237,19370,25512.02415
10/8/2019,7.87,4703.151997,18284,24518.4188
11/8/2019,8.13,5454.685062,28122.67,25219.06693
12/8/2019,8.48,6614.450144,21642,25625.21243
13/8/2019,8.99,8648.190259,22106,25626.07744
14/8/2019,11.13,23251.54426,22960,24784.67561
15/8/2019,11.9,31778.45691,22692,24749.9405
16/8/2019,12.4,38534.93998,22237,24459.66707
17/8/2019,12.63,42004.56498,21367,24164.57589
18/8/2019,12.73,43588.70237,20755,24336.97306
19/8/2019,12.83,45220.13105,28155.83,25019.45082
20/8/2019,12.73,43588.70237,21096,26924.87279
21/8/2019,11.87,31405.38182,22787,27249.25108
22/8/2019,11.77,30186.95022,25161,27630.90057
23/8/2019,11.71,29474.19008,28521,28113.96832
24/8/2019,11.7,29356.71321,31035,27965.92016
25/8/2019,11.78,30307.06842,32688,27544.43626
26/8/2019,11.98,32790.63132,35334.16,26972.44856
27/8/2019,12.22,35982.36876,23427,26673.05325
28/8/2019,12.53,40466.68831,37321.02,26805.52404
29/8/2019,12.74,43749.69999,32560,27325.82544
30/8/2019,12.88,46053.9058,31355,31019.7499
31/8/2019,12.94,47070.57247,26647,31881.99792
1/9/2019,12.96,47413.41024,24996,32009.87842
2/9/2019,12.88,46053.9058,31519.06,31752.91098
3/9/2019,12.75,43911.17156,24464,32636.80507
4/9/2019,12.6,41538.39111,25265,32711.27418
5/9/2019,12.41,38680.87144,25959,33241.37198
6/9/2019,12.36,37955.59883,26495,34802.31563
7/9/2019,12.2,35707.29095,25579,35518.54451
8/9/2019,12.11,34490.11875,24954,35665.74406
9/9/2019,12.21,35844.61939,30134.81,28088.9517
10/9/2019,12.28,36817.75845,22673,27367.80292
11/9/2019,12.32,37383.2259,22012,26342.86957
12/9/2019,12.2,35707.29095,21826,25646.27913
13/9/2019,12.14,34892.10612,21660,25526.4118
14/9/2019,11.98,32790.63132,21240,25355.84543
15/9/2019,11.91,31903.59769,20720,25370.24975
16/9/2019,11.84,31035.80842,30274.32,25979.76456
17/9/2019,11.84,31035.80842,27327,26237.11891
18/9/2019,11.81,30669.7121,30548,26141.15877
19/9/2019,11.76,30067.21205,34091,26237.11891
20/9/2019,11.73,29710.26867,37383,26182.45074
21/9/2019,12.12,34623.70189,40466,26890.81861
22/9/2019,12.42,38827.24335,42897.08,27116.61891
23/9/2019,12.7,43108.54275,44246.53,27079.24022
24/9/2019,12.98,47758.23672,46188,26848.04207
25/9/2019,13.22,52054.42708,47207,26676.99671
26/9/2019,13.43,56061.4416,48349,30635.97463
27/9/2019,13.57,58866.72172,46760.78,31380.7278
28/9/2019,13.72,61995.46799,50156,31002.90062
29/9/2019,13.75,62636.83586,51537,42006.97427
30/9/2019,13.83,64373.0572,51664.93,43976.88448
1/10/2019,13.9,65923.54223,55474,45172.67266
2/10/2019,13.92,66371.96406,56732,47104.9136
3/10/2019,13.99,67960.63725,56424.14,49152.43842
4/10/2019,14.07,69813.2482,55630,48787.60263
5/10/2019,14.11,70754.53613,53856,48737.86928
6/10/2019,14.34,76365.3362,53856,42281.80134
7/10/2019,14.4,77885.83266,50482.84,41222.77186
8/10/2019,14.46,79430.37904,49833,39876.16957
9/10/2019,14.52,80999.25806,46053,38238.58705
10/10/2019,14.53,81263.12355,42790,35832.92924
11/10/2019,14.15,71705.91908,39684,35358.27261
12/10/2019,14.03,68881.97516,35352,34171.91125
13/10/2019,13.91,66147.45007,32408,32765.32596
14/10/2019,13.78,63283.48489,33556.45,31766.96441
15/10/2019,13.5,57450.42591,22256,31194.14015
16/10/2019,13.29,53363.83147,19253,29364.76937
17/10/2019,13,48105.0605,17572,26349.77635
18/10/2019,12.77,44235.54067,16039,25792.06721
19/10/2019,12.41,38680.87144,15496,19657.8468
20/10/2019,11.7,29356.71321,14941,18618.06923
21/10/2019,11.44,26430.93191,18009.15,17670.01845
22/10/2019,11.22,24141.29907,13169,16870.34212
23/10/2019,11.03,22293.80981,12455,16551.16343
24/10/2019,10.84,20560.87672,11874,15878.28391
25/10/2019,10.79,20123.20223,11536,15342.09961
26/10/2019,13.5,57450.42591,11536,14319.16283
27/10/2019,13.29,53363.83147,11536,13617.2611
28/10/2019,13,48105.0605,13383.13,9841.666204
29/10/2019,12.77,44235.54067,10725,12712.44759
30/10/2019,12.41,38680.87144,10465,11935.60866
31/10/2019,11.7,29356.71321,10210,11658.65248
1/11/2019,11.44,26430.93191,10210,11157.69129
2/11/2019,11.22,24141.29907,10210,9373.808524
3/11/2019,11.7,29356.71321,10210,9124.668488
4/11/2019,11.44,26430.93191,10210,8769.285797
5/11/2019,11.22,24141.29907,10210,8102.034423
6/11/2019,,,,
6/6/2020,10.83,20472.74016,2110,3427.213633
7/6/2020,10.42,17110.11389,2162,4061.931905
8/6/2020,10.43,17186.50319,3269.68,4301.693515
9/6/2020,11.01,22106.09605,2375,4699.483568
10/6/2020,11.11,23057.42054,2375,4965.933128
11/6/2020,11.02,22199.79468,2375,5772.261383
12/6/2020,11.12,23154.32014,2375,4184.39396
13/6/2020,11.36,25579.14834,2829,3715.912821
14/6/2020,11.69,29239.6101,2982,3707.424156
15/6/2020,11.55,27638.91685,3504.65,3897.498083
16/6/2020,12.2,35707.29095,2899,3950.496792
17/6/2020,10.43,17186.50319,3120,4723.132527
18/6/2020,11.01,22106.09605,3305,4766.53023
19/6/2020,11.11,23057.42054,3741,4816.498313
20/6/2020,11.02,22199.79468,4573,5354.126376
21/6/2020,11.12,23154.32014,5672,5538.858207
22/6/2020,10.42,17110.11389,5697.37,6404.727627
23/6/2020,10.43,17186.50319,7344,6421.818372
24/6/2020,11.01,22106.09605,7921,6586.43241
25/6/2020,11.02,22199.79468,8394,7200.745413
26/6/2020,11.12,23154.32014,9773,7398.072584
27/6/2020,10.42,17110.11389,12220,7960.754197
28/6/2020,10.43,17186.50319,14335,9507.523018
29/6/2020,11.01,22106.09605,13863.2,11341.49636
30/6/2020,11.11,23057.42054,18871,14936.8297
1/7/2020,11.02,22199.79468,20773,15386.10244
2/7/2020,11.12,23154.32014,26402.2,24468.2868
3/7/2020,11.36,25579.14834,27220.6,25660.84256
4/7/2020,11.69,29239.6101,27128.9,26040.40859
5/7/2020,11.55,27638.91685,26855,25641.61098
6/7/2020,12.2,35707.29095,27128.9,25979.24078
7/7/2020,12.46,39417.15528,27128.9,26165.35022
8/7/2020,12.31,37241.21409,26855,26402.25909
9/7/2020,12.01,33176.75809,26764,27431.4263
10/7/2020,12.2,35707.29095,26673.3,28150.63576
11/7/2020,12.09,34224.1857,26402.2,28666.17679
12/7/2020,12.47,39565.74432,27220.6,28051.57393
13/7/2020,12.31,37241.21409,29965.8,27775.32738
14/7/2020,12.34,37668.54527,33817.8,27834.36534
15/7/2020,12.31,37241.21409,36403.3,28222.69856
16/7/2020,12.62,41848.71246,38764.9,28517.59588
17/7/2020,12.87,45886.1778,40039.4,28497.3427
18/7/2020,13,48105.0605,40509.3,28398.24497
19/7/2020,13.26,52799.48005,41699.1,28698.27565
20/7/2020,13.4,55474.42527,41939.7,28856.99023
21/7/2020,13.53,58054.0424,42181.2,28750.40636
22/7/2020,13.55,58459.25571,41699.1,33677.63675
23/7/2020,13.75,62636.83586,41042,35412.17446
24/7/2020,13.72,61995.46799,41101.5,35188.87967
25/7/2020,13.74,62422.46137,42000,38925.08036
26/7/2020,13.59,59276.44977,42636.2,40261.88601
27/7/2020,13.39,55279.84644,43002.5,42284.90738
28/7/2020,13.31,53742.73099,43340,43607.18383
29/7/2020,13.48,57050.80371,43309.2,46151.30761
30/7/2020,13.71,61782.84671,42605.8,46482.7867
31/7/2020,14,68190.04465,42332.5,46368.75613
1/8/2020,13.87,65255.44342,41909.6,41842.90491
2/8/2020,13.5,57450.42591,41310,40509.25592
3/8/2020,13.37,54892.32187,40893.6,39762.01415
4/8/2020,13.32,53932.9837,41071.7,40201.2561
5/8/2020,13.19,51501.15999,41429.5,40865.10307
6/8/2020,13.19,51501.15999,41609.1,41183.16645
7/8/2020,13.21,51869.48061,41250.4,41439.02553
8/8/2020,13.38,55085.81235,40834.3,41990.61577
9/8/2020,13.36,54699.37384,40244.5,41941.79005
10/8/2020,13.38,55085.81235,39631,42316.96605
11/8/2020,13.38,55085.81235,38965.9,38250.70118
12/8/2020,13.37,54892.32187,38364.8,37348.16387
13/8/2020,13.33,54123.77321,37656.8,37023.21144
14/8/2020,13.28,53175.1824,37152.2,38052.67044
15/8/2020,12.95,47241.7433,37320,38866.14966
16/8/2020,12.94,47070.57247,37152.2,38993.49455
17/8/2020,12.86,45718.93739,37460.1,38911.16289
18/8/2020,12.73,43588.70237,37628.7,38740.75193
19/8/2020,12.99,47931.39841,38364.8,38563.26527
20/8/2020,12.87,45886.1778,39369.9,37977.39758
21/8/2020,13.14,50589.47866,39718.3,37282.19124
22/8/2020,13.2,51685.05862,39485.8,37487.01814
23/8/2020,13.26,52799.48005,39514.9,37775.03195
24/8/2020,13.43,56061.4416,39341,38606.63443
25/8/2020,13.32,53932.9837,39369.9,38570.74765
26/8/2020,13.22,52054.42708,39456.8,37680.6464
27/8/2020,13.3,53553.01396,39138.7,37324.13143
28/8/2020,13.26,52799.48005,38052.3,37373.46537
29/8/2020,13.14,50589.47866,37376,37059.20356
30/8/2020,13.14,50589.47866,36403.3,35709.56631
31/8/2020,13.31,53742.73099,35555.3,36751.32574
1/9/2020,13.19,51501.15999,34880.5,36793.15805
2/9/2020,12.83,45220.13105,34559.5,36827.4452
3/9/2020,12.93,46899.89667,34559.5,36195.66022
4/9/2020,12.69,42949.43051,34532.9,35649.3363
5/9/2020,12.76,44073.1181,34373.1,35047.42809
6/9/2020,12.63,42004.56498,34160.9,34868.96259
7/9/2020,12.78,44398.4403,34134.4,34681.71576
8/9/2020,12.75,43911.17156,33765.2,34672.56285
9/9/2020,12.68,42790.78703,33529.1,34207.55735
10/9/2020,12.62,41848.71246,33086.1,32905.52067
11/9/2020,12.59,41383.92024,32390.1,32370.38703
12/9/2020,12.56,40923.25466,32007.4,31650.25971
13/9/2020,12.46,39417.15528,31175.6,30602.02389
14/9/2020,12.41,38680.87144,29941.4,29873.47228
15/9/2020,12.45,39269.01166,29456.5,29686.32845
16/9/2020,11.92,32029.1312,29024.3,28797.12265
17/9/2020,12.12,34623.70189,28905,31472.11362
18/9/2020,12.14,34892.10612,29312,31371.22855
19/9/2020,11.89,31653.70795,29722.6,30306.69894
20/9/2020,11.93,32155.05837,29844,28872.01458
21/9/2020,11.8,30548.44845,29771.1,28717.10563
22/9/2020,11.92,32029.1312,29722.6,28528.46631
23/9/2020,12.04,33566.50278,29504.8,27277.9325
24/9/2020,12.03,33436.18434,29336,26650.59069
25/9/2020,12.1,34356.94701,29746.8,25451.51753
26/9/2020,12.04,33566.50278,30901.4,25451.51753
27/9/2020,12.28,36817.75845,32390.1,26110.0733
28/9/2020,12.16,35162.16728,34134.4,26167.75444
29/9/2020,12.37,38099.77839,35691.2,26733.98923
30/9/2020,12.44,39121.31247,36568.9,28326.71054
1/10/2020,12.77,44235.54067,36818.2,27478.61639
2/10/2020,13.51,57651.07249,36985,25806.71373
3/10/2020,13.39,55279.84644,36541.3,24113.20644
4/10/2020,13.45,56455.53047,35501,22552.7813
5/10/2020,13.28,53175.1824,33817.8,21743.75769
6/10/2020,12.81,44890.01204,32518.3,21522.29427
7/10/2020,12.67,42632.61127,31225.6,23236.5306
8/10/2020,12.67,42632.61127,30185.7,23288.61639
9/10/2020,12.24,36259.13413,28785.9,23171.3587
10/10/2020,12.21,35844.61939,27705.3,23857.71776
11/10/2020,12.21,35844.61939,26991.7,23972.56531
12/10/2020,12.14,34892.10612,26088.2,23568.89821
13/10/2020,11.61,28316.13441,25203.9,23726.24913
14/10/2020,11.72,29592.0416,24104.1,23805.43265
15/10/2020,11.61,28316.13441,22501.7,23805.43265
16/10/2020,11.57,27863.20441,21419,24058.4596
17/10/2020,11.39,25895.96137,20274.2,19837.74085
18/10/2020,11.23,24241.81321,18802.7,18350.34442
19/10/2020,11.14,23349.09372,17907.2,17955.36834
20/10/2020,10.98,21826.89114,16363.9,14246.81831
21/10/2020,11.61,28316.13441,14703.6,13887.35746
22/10/2020,11.72,29592.0416,13907.5,13516.06657
23/10/2020,11.61,28316.13441,13081.1,13458.7325
24/10/2020,11.57,27863.20441,12009.9,12683.50278
25/10/2020,11.39,25895.96137,10892.2,9187.050518
26/10/2020,11.23,24241.81321,10396.5,7828.056244
27/10/2020,11.14,23349.09372,9854.45,7366.853624
28/10/2020,10.98,21826.89114,9483.48,9460.689119
29/10/2020,11.23,24241.81321,9167.65,9460.689119
30/10/2020,11.14,23349.09372,8858.52,8539.320386
31/10/2020,10.98,21826.89114,6028,8400.234009
1/11/2020,9.52,11261.07295,5793,8200.177423
2/11/2020,9.42,10725.32789,5647,8155.376205
3/11/2020,8.7,7438.678662,5351,7962.459643
4/11/2020,8.05,5213.930004,5090,7882.393557
5/11/2020,7.78,4463.19209,4936,7361.453334
6/11/2020,,,,
6/6/2021,7.88,4730.436815,3810,2839.754993
7/6/2021,7.83,4595.265104,5417.31,5502.649574
8/6/2021,9.42,10725.32789,3020,6027.22905
9/6/2021,8.7,7438.678662,2684,6561.195433
10/6/2021,8.05,5213.930004,2632,6959.512881
11/6/2021,7.78,4463.19209,2511,7097.223009
12/6/2021,7.88,4730.436815,2591,7359.597433
13/6/2021,7.83,4595.265104,2591,7498.68381
14/6/2021,7.93,4868.761154,5228.01,8778.339382
15/6/2021,7.99,5038.988678,2966,4691.592829
16/6/2021,7.82,4568.604321,2966,4137.134136
17/6/2021,7.72,4308.719722,2966,3865.148016
18/6/2021,8.05,5213.930004,3000,4874.508046
19/6/2021,8.12,5424.115061,3280,5149.513452
20/6/2021,8.11,5393.681863,4526,5883.471054
21/6/2021,7.78,4463.19209,6977.98,11295.83315
22/6/2021,8.37,6230.613082,11195,12788.48363
23/6/2021,8.39,6299.045548,14242,13092.04519
24/6/2021,9.11,9192.349253,16419,17782.52254
25/6/2021,10.91,21186.34239,17775,21725.66738
26/6/2021,11.52,27305.18776,17965,21425.44146
27/6/2021,11.43,26323.23896,17965,21936.16697
28/6/2021,11.1,22960.84466,20833.06,23319.31105
29/6/2021,11.41,26108.90303,18204,23378.50514
30/6/2021,11.27,24647.21318,18755,23852.19824
1/7/2021,11.4,26002.25834,18511,24172.93402
2/7/2021,11.31,25058.00228,18124,24559.05822
3/7/2021,11.37,25684.40721,17510,25481.81088
4/7/2021,11.69,29239.6101,17823,24198.59795
5/7/2021,11.34,25369.66277,20833.06,23546.84958
6/7/2021,11.31,25058.00228,20934,23175.47396
7/7/2021,11.23,24241.81321,22501,22942.66291
8/7/2021,11.36,25579.14834,22768,23053.60761
9/7/2021,11.69,29239.6101,23232,23067.57764
10/7/2021,12.2,35707.29095,22864,23099.37835
11/7/2021,12.35,37811.85478,22673,24047.0956
12/7/2021,12.41,38680.87144,21334.59,24668.41685
13/7/2021,12.18,35433.89301,22482,24873.51228
14/7/2021,11.98,32790.63132,22482,23438.4306
15/7/2021,11.86,31281.80283,22482,23181.37131
16/7/2021,11.95,32408.09736,22482,24853.78499
17/7/2021,11.94,32281.38012,21771,27524.6192
18/7/2021,11.93,32155.05837,22293,28474.42371
19/7/2021,11.89,31653.70795,21428.84,26881.87138
20/7/2021,11.96,32535.21103,22106,26402.7346
21/7/2021,11.9,31778.45691,22293,25212.85276
22/7/2021,11.83,30913.39118,22673,26546.39037
23/7/2021,12,33047.64842,23251,29705.52763
24/7/2021,11.87,31405.38182,24600.18,28122.05474
25/7/2021,11.9,31778.45691,23643,28276.51407
26/7/2021,12.06,33828.35499,23737.96,28829.26562
27/7/2021,11.06,22577.76214,24201,29062.31971
28/7/2021,12.18,35433.89301,24555,29022.97888
29/7/2021,12.2,35707.29095,25078,29148.72712
30/7/2021,12.21,35844.61939,25663,29341.12923
31/7/2021,12.23,36120.54002,29167,29700.53645
1/8/2021,12.43,38974.05669,24954,29997.13204
2/8/2021,12.35,37811.85478,28389.55,30037.28053
3/8/2021,12.56,40923.25466,24688,32541.07382
4/8/2021,12.6,41538.39111,25411,33530.86232
5/8/2021,12.28,36817.75845,27527,35821.7631
6/8/2021,12.21,35844.61939,29805,35883.99013
7/8/2021,12.3,37099.6329,30888,36008.09791
8/8/2021,12.59,41383.92024,32382,35752.72108
9/8/2021,12.85,45552.18349,37134.82,35405.90865
10/8/2021,13.33,54123.77321,35325,36217.28897
11/8/2021,13.37,54892.32187,36677,36534.38648
12/8/2021,13.34,54315.10065,37811,36768.50732
13/8/2021,13.51,57651.07249,38915,41297.17645
14/8/2021,13.77,63067.34642,41879,43693.73467
15/8/2021,13.59,59276.44977,43428,44753.94911
16/8/2021,13.59,59276.44977,46687.16,44768.03443
17/8/2021,13.49,57250.3367,47138,45413.12661
18/8/2021,13.6,59482.16499,49157,45546.33748
19/8/2021,13.96,67276.10604,52425,45862.38035
20/8/2021,14.06,69579.49417,53894,46055.92866
21/8/2021,14.02,68650.71237,56392.09,45780.59662
22/8/2021,13.86,65033.94799,54085,46218.21738
23/8/2021,13.79,63500.21375,54829.06,45202.16092
24/8/2021,13.94,66822.81539,51134,45352.62829
25/8/2021,13.92,66371.96406,49334,45908.56123
26/8/2021,14.06,69579.49417,47413,46183.69162
27/8/2021,13.82,64153.95473,45220,45617.78833
28/8/2021,13.72,61995.46799,43943,43428.53992
29/8/2021,13.87,65255.44342,42822,43464.57327
30/8/2021,13.3,53553.01396,42632,43500.29128
31/8/2021,13.51,57651.07249,45489.93,43866.99665
1/9/2021,13.36,54699.37384,43878,44147.14009
2/9/2021,13.41,55669.54998,44725,43078.07319
3/9/2021,13.44,56258.21081,45718,42105.87873
4/9/2021,13.49,57250.3367,46593,39108.47383
5/9/2021,13.7,61570.80745,47138,38997.94636
6/9/2021,13.72,61995.46799,46780.06,38125.76618
7/9/2021,13.79,63500.21375,47379,38125.76618
8/9/2021,13.75,62636.83586,45552,37862.81722
9/9/2021,13.83,64373.0572,43460,36705.97198
10/9/2021,13.69,61359.34902,42035,36725.38104
11/9/2021,13.65,60519.29986,39984,34551.02926
12/9/2021,13.57,58866.72172,38273,39117.08053
13/9/2021,13.33,54123.77321,39844.09,40205.01397
14/9/2021,13.36,54699.37384,35762,38604.20093
15/9/2021,13.33,54123.77321,33488,37834.08286
16/9/2021,13.36,54699.37384,46222,37481.53208
17/9/2021,12.8,44725.67494,30067,36376.31123
18/9/2021,12.84,45385.91507,29006,36416.27635
19/9/2021,12.5,40014.19392,27661,34104.05825
20/9/2021,12.45,39269.01166,29266.81,33839.8831
21/9/2021,12.28,36817.75845,27885,34249.30728
22/9/2021,11.96,32535.21103,29099,30251.31329
23/9/2021,12.28,36817.75845,29592,27945.58878
24/9/2021,11.96,32535.21103,29710,28701.07118
25/9/2021,12.46,39417.15528,29456.43,28830.59215
26/9/2021,12.61,41693.32151,28867,28512.47759
27/9/2021,12.87,45886.1778,29340.83,26988.10391
28/9/2021,12.61,41693.32151,27438,26823.93402
29/9/2021,12.5,40014.19392,27840,27930.43048
30/9/2021,12.37,38099.77839,27305,27555.91296
1/10/2021,12.31,37241.21409,26865,27547.15466
2/10/2021,12.31,37241.21409,26258,29540.25594
3/10/2021,12.21,35844.61939,25663,29947.43591
4/10/2021,12.43,38974.05669,29117.64,29997.84936
5/10/2021,12.23,36120.54002,25895,29879.69103
6/10/2021,12.16,35162.16728,25747,29064.47015
7/10/2021,12.06,33828.35499,26194,28668.77919
8/10/2021,12.1,34356.94701,25853,28638.2955
9/10/2021,12.17,35297.8216,25016,30000.17625
10/10/2021,12.32,37383.2259,24525,29985.67702
11/10/2021,12.25,36398.15207,28986.69,29526.63827
12/10/2021,12.28,36817.75845,22980,27323.26637
13/10/2021,12.04,33566.50278,22162,26941.53141
14/10/2021,11.77,30186.95022,21186,24142.98694
15/10/2021,11.87,31405.38182,20123,23124.68783
16/10/2021,11.75,29947.853,19203,21778.43905
17/10/2021,11.55,27638.91685,18013,21103.57952
18/10/2021,11.52,27305.18776,21291.5,17635.95939
19/10/2021,11.41,26108.90303,16464,16416.46624
20/10/2021,12.04,33566.50278,16375,16365.28478
21/10/2021,11.77,30186.95022,16912,16063.2474
22/10/2021,11.87,31405.38182,18220,16136.35881
23/10/2021,11.75,29947.853,20738,20246.9035
24/10/2021,11.55,27638.91685,21789,23232.74723
25/10/2021,11.52,27305.18776,26316.78,22919.66932
26/10/2021,11.41,26108.90303,25537,22097.96507
27/10/2021,11.55,27638.91685,25684,19930.87692
28/10/2021,11.52,27305.18776,25684,18275.72286
29/10/2021,11.41,26108.90303,25684,17859.78005
30/10/2021,11.71,29474.19008,25684,17256.434
31/10/2021,12.53,40466.68831,23941,22106.11657
1/11/2021,12.38,38244.39444,25706.95,22467.35979
2/11/2021,12.39,38389.44798,25036.02,24329.80049
3/11/2021,12.77,44235.54067,24515.9,25953.60508
4/11/2021,12.53,40466.68831,24277.43,26431.34099
5/11/2021,12.38,38244.39444,24049.23,26500.72601
