Date,Forecasted WL,FFWC Predicted Q ,Observed Q ,SVM Predicted Q 
6/6/2015,7.13,3004.785058,2822,1757.884993
7/6/2015,7.34,3426.471427,2906,2043.392821
8/6/2015,7.35,3447.668931,2991,2074.217049
9/6/2015,7.11,2966.891894,3040,2118.981173
10/6/2015,7.16,3062.347625,3206,2094.542293
11/6/2015,7.08,2910.767726,3616,2054.682936
12/6/2015,7.25,3240.331868,3835,3227.264696
13/6/2015,7.46,3687.820886,4025,3219.494058
14/6/2015,7.74,4359.728889,4437,3005.539647
15/6/2015,7.85,4648.958938,4853,3292.266843
16/6/2015,8.17,5578.342282,5314,4565.872757
17/6/2015,8.11,5393.681863,5771,6261.533054
18/6/2015,8,5067.815622,5602,7166.947036
19/6/2015,8.4,6333.485845,5050,6297.684453
20/6/2015,8.58,6979.541415,4901,6018.220463
21/6/2015,8.93,8385.922239,4919.667547,6484.946311
22/6/2015,8.38,6264.754789,5070,6285.55187
23/6/2015,9,8692.530442,4867,5650.803257
24/6/2015,7.94,4896.809126,5035,5005.337448
25/6/2015,8.07,5273.307973,5089,6020.636804
26/6/2015,8,5067.815622,5065,6411.021424
27/6/2015,8.16,5547.220474,5363,6852.958754
28/6/2015,8.72,7517.488847,5628,6053.261877
29/6/2015,8.2,5672.544195,5675,6030.497915
30/6/2015,8.17,5578.342282,6535,7501.669033
1/7/2015,8.04,5184.44168,6534,8099.59247
2/7/2015,8.57,6942.325297,6540,6803.554142
3/7/2015,8.19,5641.003679,6745,7930.792998
4/7/2015,9.34,10311.54045,7573,9023.012082
5/7/2015,8.49,6650.258283,9625,8985.244933
6/7/2015,8.49,6650.258283,10538,12101.08285
7/7/2015,9.1,9145.986066,11166,11431.13765
8/7/2015,9.49,11098.15829,12043,10475.42363
9/7/2015,9.79,12814.88803,12148,12270.82669
10/7/2015,10.9,21096.07295,12316,13883.15422
11/7/2015,10.34,16508.69709,11809,15320.84642
12/7/2015,10.77,19950.22748,11341,15610.42528
13/7/2015,10.71,19438.40671,11383,10631.37773
14/7/2015,9.88,13369.18141,11887,9652.721244
15/7/2015,9.95,13813.38034,12458,11380.07103
16/7/2015,9.76,12634.25454,12819,14382.13993
17/7/2015,9.97,13942.43212,13524,15093.59589
18/7/2015,10.78,20036.56598,14981,16545.08459
19/7/2015,10.85,20649.31564,16036,14467.24154
20/7/2015,10.7,19354.13119,16334,14765.28795
21/7/2015,10.82,20384.90521,16614,16975.34989
22/7/2015,11.11,23057.42054,17640,18512.38234
23/7/2015,9.08,9053.819233,18791,19004.16227
24/7/2015,11.45,26538.97598,19325,20895.26184
25/7/2015,11.07,22673.05123,19296,23715.16208
26/7/2015,11.45,26538.97598,18572,21685.064
27/7/2015,11.86,31281.80283,17724,20423.377
28/7/2015,11.99,32918.93981,17123,18686.86787
29/7/2015,11.82,30791.35938,16671,16464.31453
30/7/2015,11.61,28316.13441,16671,18269.74962
31/7/2015,11.24,24342.66087,17164,17145.21241
1/8/2015,11.25,24443.84287,17809,19373.15747
2/8/2015,11.19,23841.74946,19044,21901.62173
3/8/2015,11.09,22864.59168,20707,29167.6607
4/8/2015,11.45,26538.97598,22300,23863.36497
5/8/2015,11.11,23057.42054,23303,24867.0972
6/8/2015,11.66,28890.53448,23439,23420.74818
7/8/2015,12.19,35570.38248,23113,21537.88319
8/8/2015,12.46,39417.15528,21873,20310.3311
9/8/2015,12.75,43911.17156,21037,21074.19833
10/8/2015,12.87,45886.1778,20425,20415.61213
11/8/2015,12.05,33697.22602,19809,20564.87093
12/8/2015,11.97,32662.72204,19057,17495.07178
13/8/2015,11.83,30913.39118,18557,17481.65132
14/8/2015,11.75,29947.853,18630,19222.27354
15/8/2015,11.69,29239.6101,19281,21904.04432
16/8/2015,11.42,26215.89628,20597,23316.72151
17/8/2015,11.49,26974.68057,22102,24213.85202
18/8/2015,11.34,25369.66277,23423,24566.51756
19/8/2015,11.77,30186.95022,24794,24669.29085
20/8/2015,12.04,33566.50278,25329.453,26893.14754
21/8/2015,12.25,36398.15207,26970,25409.56524
22/8/2015,12.61,41693.32151,28722,30284.40086
23/8/2015,12.79,44561.81804,30394,31961.60268
24/8/2015,13.11,50048.67955,32062,30493.72865
25/8/2015,13.09,49690.71585,33215,31579.39221
26/8/2015,13.37,54892.32187,34798,35459.82694
27/8/2015,13.67,60938.1699,35349,30194.12812
28/8/2015,13.9,65923.54223,35571,29578.59688
29/8/2015,14,68190.04465,34763,30923.41422
30/8/2015,13.86,65033.94799,33004,31157.19192
31/8/2015,13.69,61359.34902,31608,28793.90936
1/9/2015,13.73,62208.67248,30576,29008.52158
2/9/2015,13.52,57852.2776,29828,28704.5293
3/9/2015,13.45,56455.53047,29390,30954.90846
4/9/2015,13.1,49869.44153,29291,30853.13098
5/9/2015,13.16,50952.59326,29113,28411.46322
6/9/2015,13.07,49334.79718,28936,27369.07946
7/9/2015,12.83,45220.13105,28838,27542.94594
8/9/2015,13,48105.0605,28313,25823.57147
9/9/2015,13,48105.0605,27281,25716.13954
10/9/2015,12.84,45385.91507,25873,24780.43539
11/9/2015,12.74,43749.69999,24164,23966.54918
12/9/2015,12.68,42790.78703,22218,20653.32629
13/9/2015,12.56,40923.25466,20629,14330.66667
14/9/2015,12.39,38389.44798,19207,9777.280894
15/9/2015,11.92,32029.1312,18051,11499.34232
16/9/2015,11.82,30791.35938,17178,15613.9752
17/9/2015,11.8,30548.44845,16455,16361.15276
18/9/2015,11.49,26974.68057,15883,15435.57356
19/9/2015,11.16,23545.17188,15324,13824.78154
20/9/2015,11.14,23349.09372,14779,13554.48451
21/9/2015,11.09,22864.59168,14468,12902.66397
22/9/2015,10.98,21826.89114,14016,12451.21463
23/9/2015,10.86,20738.05771,14186,12924.83184
24/9/2015,10.88,20916.45439,14481.00399,13171.15686
25/9/2015,10.69,19270.14735,14481.00399,14345.97595
26/9/2015,10.65,18937.11372,14474,14399.72666
27/9/2015,10.65,18937.11372,14357,12789.41255
28/9/2015,11.05,22482.79274,14077,11238.05639
29/9/2015,10.54,18044.88163,13776,14183.34845
30/9/2015,10.55,18124.58003,13269,14834.48108
1/10/2015,10.71,19438.40671,12661,12808.99003
2/10/2015,10.69,19270.14735,11963,11716.30274
3/10/2015,10.66,19019.93837,11114,11231.8347
4/10/2015,10.51,17807.46209,10464,10133.10934
5/10/2015,9.75,12574.49681,9927,9910.229988
6/10/2015,9.99,14072.44372,9317,9620.613953
7/10/2015,9.76,12634.25454,8731,9616.938244
8/10/2015,8.97,8560.051096,8298,9861.323303
9/10/2015,9.24,9812.318025,7971,9532.020777
10/10/2015,9.18,9522.166593,7484,9048.296476
11/10/2015,8.33,6095.527124,7025,8149.794156
12/10/2015,8.77,7717.430809,6614,7766.80996
13/10/2015,8.67,7321.700314,6241,7807.238348
14/10/2015,8.41,6368.076166,5937,6787.14746
15/10/2015,8.27,5897.287968,5835.50871,3708.885208
16/10/2015,8.12,5424.115061,5835.50871,3825.022566
17/10/2015,7.98,5010.292669,5492,3926.597558
18/10/2015,8.19,5641.003679,5276,3739.966625
19/10/2015,8.06,5243.551951,5040,3480.23741
20/10/2015,8.01,5096.773947,4859,3547.839624
21/10/2015,8.02,5125.8641,4753.563399,3384.767079
22/10/2015,7.95,4924.985823,4572,3368.907063
23/10/2015,7.83,4595.265104,4432.692157,3389.76675
24/10/2015,7.88,4730.436815,4222,2842.916523
25/10/2015,7.64,4109.421192,4142,2955.394513
26/10/2015,7.55,3894.072063,4026,2924.481396
27/10/2015,7.38,3511.889755,3714,2883.124701
28/10/2015,7.2,3140.462303,3650,2880.096917
29/10/2015,7.01,2783.100461,3635.447164,3046.203974
30/10/2015,6.98,2729.772444,3635.447164,3287.503662
31/10/2015,6.85,2508.018818,3479,3098.417007
1/11/2015,6.73,2316.307618,3519,3933.959149
2/11/2015,6.65,2195.13121,3480,4071.421679
3/11/2015,6.52,2009.047062,3461,2776.873268
4/11/2015,6.3,1722.950001,3442,2672.556388
5/11/2015,6.22,1627.376615,3390,4091.93529
6/11/2015,,,,
6/6/2016,6.05,1438.303606,1522,1685.06787
7/6/2016,6.45,1914.194246,1443,1066.051228
8/6/2016,6.24,1650.8633,1399,950.7137083
9/6/2016,5.88,1267.17846,1355,901.9799108
10/6/2016,5.78,1174.372704,1320,955.262255
11/6/2016,5.57,997.0991935,1261,1066.517803
12/6/2016,5.7,1104.102507,1211,1230.056231
13/6/2016,6.27,1686.599492,1364,1315.133059
14/6/2016,6.51,1995.271885,1540,1521.657919
15/6/2016,6.17,1569.824283,1645,1521.786567
16/6/2016,6.67,2224.939768,1721,1960.190578
17/6/2016,6.8,2426.659718,1863,3043.177788
18/6/2016,6.85,2508.018818,2162,3288.915904
19/6/2016,7.01,2783.100461,2543,3376.608429
20/6/2016,7.63,4085.035074,2881,3351.538521
21/6/2016,7.73,4334.164453,2943,3020.350814
22/6/2016,7.18,3101.208801,2915,2951.124275
23/6/2016,7.51,3801.299048,3079,3377.015515
24/6/2016,8.12,5424.115061,3682,3730.063759
25/6/2016,7.99,5038.988678,4367,5190.066391
26/6/2016,7.86,4675.992849,5287,6854.826812
27/6/2016,8.21,5704.225209,5526,5872.37681
28/6/2016,8.76,7677.107013,6155,5586.677126
29/6/2016,9.33,10260.72555,6269,5100.151558
30/6/2016,9.62,11817.95002,6062,6489.884938
1/7/2016,9.18,9522.166593,5780,6181.59951
2/7/2016,9.8,12875.55476,5666,7099.526415
3/7/2016,9.5,11152.25288,5745,8023.158475
4/7/2016,9.07,9008.014465,5745,7308.333338
5/7/2016,8.98,8604.03066,6381,7284.577372
6/7/2016,9.65,11989.22565,6874,8441.350152
7/7/2016,9.37,10465.19059,7224,8577.978809
8/7/2016,9.83,13058.93061,7880,9438.894211
9/7/2016,9.89,13431.93106,8649,10214.6378
10/7/2016,9.94,13749.21273,9907,15425.72451
11/7/2016,10.51,17807.46209,11142,12706.7814
12/7/2016,9.47,10990.59696,12252,13816.37823
13/7/2016,10.31,16287.56347,13064,14628.50614
14/7/2016,10.53,17965.46299,14939,16141.89836
15/7/2016,11.02,22199.79468,20139,18573.26554
16/7/2016,11.21,24041.11761,23726,23542.94797
17/7/2016,11.24,24342.66087,26159,27157.87055
18/7/2016,11.27,24647.21318,28395,26831.44237
19/7/2016,11.62,28430.27927,30588,27670.40958
20/7/2016,12.32,37383.2259,33714,32147.56574
21/7/2016,12.58,41229.90789,36281,35462.15374
22/7/2016,12.71,43268.12478,38774,37207.57311
23/7/2016,12.96,47413.41024,40062,38494.01621
24/7/2016,13.18,51317.78363,40635,23034.13613
25/7/2016,13.54,58256.36805,41965,29435.26447
26/7/2016,13.35,54506.96715,43280,41711.4751
27/7/2016,13.43,56061.4416,44448,43180.00718
28/7/2016,13.37,54892.32187,45726,41347.63912
29/7/2016,13.42,55865.22171,47436,45869.83089
30/7/2016,13.5,57450.42591,48123,46562.80845
31/7/2016,13.69,61359.34902,48169,46602.46202
1/8/2016,13.71,61782.84671,48353,47369.1817
2/8/2016,13.77,63067.34642,48353,45290.5671
3/8/2016,13.88,65477.54013,47710,46912.86688
4/8/2016,13.73,62208.67248,46756,45193.48047
5/8/2016,13.67,60938.1699,45814,44247.53488
6/8/2016,13.76,62851.79715,45062,43495.36353
7/8/2016,13.65,60519.29986,43367,41797.87714
8/8/2016,13.7,61570.80745,40883,37648.95915
9/8/2016,13.32,53932.9837,38774,37905.34094
10/8/2016,13.48,57050.80371,37241,37902.91625
11/8/2016,13.41,55669.54998,35862,37425.06515
12/8/2016,13.25,52612.42451,34776,33208.26554
13/8/2016,12.83,45220.13105,34739,31210.37436
14/8/2016,12.65,42317.65884,35447,43316.94353
15/8/2016,12.93,46899.89667,36356,37238.47699
16/8/2016,12.94,47070.57247,38259,39825.44782
17/8/2016,13.08,49512.50143,40431,38139.45806
18/8/2016,12.98,47758.23672,42683,41117.55786
19/8/2016,13.39,55279.84644,43926,41292.45253
20/8/2016,13.34,54315.10065,44579,43017.41706
21/8/2016,13.55,58459.25571,46127,44558.44426
22/8/2016,13.62,59895.30365,47573,32981.3338
23/8/2016,13.77,63067.34642,49190,47628.32849
24/8/2016,13.73,62208.67248,51273,49707.46261
25/8/2016,13.72,61995.46799,53463,51898.17165
26/8/2016,13.84,64592.75609,55765,54198.97376
27/8/2016,13.85,64813.05262,57405,55836.35038
28/8/2016,14.17,72185.42135,57560,57095.31997
29/8/2016,14.31,75614.01894,56992,58240.97224
30/8/2016,14.42,78397.99532,56530,54966.79694
31/8/2016,14.42,78397.99532,55917,54357.94906
1/9/2016,14.18,72426.1296,55007,51807.25381
2/9/2016,14.09,70282.63531,52923,51359.48265
3/9/2016,14.08,70047.62817,49661,50638.06169
4/9/2016,13.8,63717.53421,44765,43203.22482
5/9/2016,13.85,64813.05262,38503,36938.54293
6/9/2016,13.61,59688.44922,33574,31931.1306
7/9/2016,13.25,52612.42451,29977,31067.30568
8/9/2016,12.74,43749.69999,28948,28765.31561
9/9/2016,12.47,39565.74432,28817,27349.38453
10/9/2016,12,33047.64842,28621,27057.3221
11/9/2016,11.82,30791.35938,28265,25179.13445
12/9/2016,11.59,28088.94127,28103,23828.79405
13/9/2016,12.22,35982.36876,28200.5252,20128.36398
14/9/2016,12.16,35162.16728,28662,27098.56135
15/9/2016,12.23,36120.54002,29145,27582.25947
16/9/2016,12.07,33959.89064,28981,27411.01073
17/9/2016,12.32,37383.2259,27721,25634.30413
18/9/2016,12.94,47070.57247,26096,26843.25015
19/9/2016,12.84,45385.91507,25428,26994.0537
20/9/2016,12.39,38389.44798,25248,25212.34903
21/9/2016,12.25,36398.15207,24891,23590.91657
22/9/2016,11.84,31035.80842,24566,22999.53252
23/9/2016,11.75,29947.853,24478,25491.33069
24/9/2016,12.04,33566.50278,24772,25828.5978
25/9/2016,11.99,32918.93981,24891,26277.5422
26/9/2016,11.83,30913.39118,24980,26571.1595
27/9/2016,11.9,31778.45691,24802,26602.28574
28/9/2016,11.91,31903.59769,24361,25926.25889
29/9/2016,11.97,32662.72204,24981,26381.90708
30/9/2016,12.01,33176.75809,26311,25704.53697
1/10/2016,12.06,33828.35499,27245,25790.83566
2/10/2016,12.14,34892.10612,28007,26437.563
3/10/2016,11.61,28316.13441,28883,27827.61614
4/10/2016,11.97,32662.72204,29976,31029.86002
5/10/2016,12.2,35707.29095,30313,31756.96068
6/10/2016,12.27,36677.46326,28982,27828.9449
7/10/2016,12.36,37955.59883,26839,27027.26428
8/10/2016,12.52,40315.40575,24510,26072.30444
9/10/2016,12.53,40466.68831,22291,25078.29379
10/10/2016,12.47,39565.74432,20677,22639.0886
11/10/2016,12.12,34623.70189,20260,21825.44687
12/10/2016,11.78,30307.06842,20364,21831.71003
13/10/2016,11.6,28202.35537,20157,20551.32635
14/10/2016,11.22,24141.29907,20132,17307.69803
15/10/2016,11.12,23154.32014,20730,19167.15163
16/10/2016,11.32,25161.54784,21392,20930.87013
17/10/2016,11.5,27084.49308,21339,20317.33727
18/10/2016,11.61,28316.13441,20730,19163.13926
19/10/2016,11.6,28202.35537,19324,17956.80605
20/10/2016,11.76,30067.21205,17082.99312,16864.68794
21/10/2016,11.84,31035.80842,15031,15676.37964
22/10/2016,11.64,28659.66997,14461,14556.73279
23/10/2016,11.55,27638.91685,13652,15978.02859
24/10/2016,11.43,26323.23896,12037,13602.27108
25/10/2016,11.35,25474.2338,9874,13215.28353
26/10/2016,10.34,16508.69709,9019,8191.421128
27/10/2016,10.18,15356.44949,8430,8101.666816
28/10/2016,9.48,11044.27319,7866,8101.604616
29/10/2016,9.21,9666.374019,7460.864407,8233.440926
30/10/2016,8.76,7677.107013,6799,7929.760891
31/10/2016,7.55,3894.072063,6562,7933.783364
1/11/2016,7.45,3665.453036,6481.553439,8051.495096
2/11/2016,6.69,2255.070295,7541,9007.959569
3/11/2016,6.1,1491.99019,7046,8612.971515
4/11/2016,5.92,1305.898535,6621,6470.933366
5/11/2016,5.73,1130.049223,6451,6242.887832
6/11/2016,,,,
6/6/2017,5.77,1165.398953,788,1470.060341
7/6/2017,5.97,1355.619492,1012,1393.946998
8/6/2017,6.28,1698.647685,1267,1639.132317
9/6/2017,6.29,1710.764424,1491,1223.369498
10/6/2017,7.29,3322.037485,1592,1923.538634
11/6/2017,7.57,3941.130852,1558,3122.195398
12/6/2017,7.64,4109.421192,1417,1913.610708
13/6/2017,7.24,3220.158093,1248,476.0874431
14/6/2017,6.75,2347.419633,1112,126.6990011
15/6/2017,6.44,1900.940681,1045,2569.162149
16/6/2017,6.3,1722.950001,1021,2368.420055
17/6/2017,6.09,1481.127065,1012,297.8894348
18/6/2017,6.16,1558.511156,1053,373.3897852
19/6/2017,6.52,2009.047062,1921.5,446.3869003
20/6/2017,6.92,2625.561579,1427,443.2124528
21/6/2017,6.96,2694.675565,1759,809.6354847
22/6/2017,7.24,3220.158093,2036,703.0568882
23/6/2017,7.52,3824.325233,2239,676.9202661
24/6/2017,7.7,4258.187699,2363,1798.306874
25/6/2017,8.02,5125.8641,2426,3986.869053
26/6/2017,7.84,4622.049833,2591,4155.155077
27/6/2017,7.82,4568.604321,2591,1365.05278
28/6/2017,7.82,4568.604321,2591,1024.678867
29/6/2017,7.65,4133.92328,2591,1031.43767
30/6/2017,7.9,4785.385194,2591,1280.355429
1/7/2017,7.83,4595.265104,2591,1076.467125
2/7/2017,7.85,4648.958938,2591,2301.308227
3/7/2017,7.87,4703.151997,3469.9,3454.981959
4/7/2017,7.98,5010.292669,3796,4648.694061
5/7/2017,8.16,5547.220474,4233,5494.648083
6/7/2017,8,5067.815622,4785,6348.431935
7/7/2017,8.36,6196.619945,5832,7248.252052
8/7/2017,9.05,8916.959428,6722,8285.745437
9/7/2017,8.94,8429.187135,8138,9701.045335
10/7/2017,9.15,9379.68028,6630.88,8195.00847
11/7/2017,9.78,12754.44951,9763,11328.86321
12/7/2017,10,14137.81112,11920,16096.55751
13/7/2017,10.08,14669.51674,16657,15087.95773
14/7/2017,11.03,22293.80981,20210,20225.42077
15/7/2017,10.48,17572.54072,22331,20767.11388
16/7/2017,10.7,19354.13119,22980,17529.70018
17/7/2017,11.41,26108.90303,19837.51,21396.73903
18/7/2017,12.07,33959.89064,23941,25507.20473
19/7/2017,12.14,34892.10612,23941,23777.17708
20/7/2017,12.16,35162.16728,23941,22380.4833
21/7/2017,12.05,33697.22602,22199,23758.131
22/7/2017,12.16,35162.16728,20227,21791.05209
23/7/2017,12.25,36398.15207,19303,20863.88312
24/7/2017,12.01,33176.75809,15444.82,19860.20072
25/7/2017,11.8,30548.44845,17807,16297.42438
26/7/2017,11.32,25161.54784,17309,18500.35663
27/7/2017,11.44,26430.93191,16582,18144.69283
28/7/2017,11.18,23742.56113,17432,20006.80545
29/7/2017,11.01,22106.09605,17965,19524.40799
30/7/2017,11.32,25161.54784,19489,21055.44743
31/7/2017,11.07,22673.05123,19406.66,21020.00426
1/8/2017,11.3,24954.79686,23941,22377.27674
2/8/2017,11.4,26002.25834,24443,23862.02717
3/8/2017,11.54,27527.31439,24201,24394.96105
4/8/2017,12,33047.64842,23881,22826.84147
5/8/2017,12.05,33697.22602,23349,24913.95905
6/8/2017,12.08,34091.83389,23643,25204.49443
7/8/2017,12.24,36259.13413,21228.67,22791.4108
8/8/2017,11.84,31035.80842,24975,23409.18647
9/8/2017,11.91,31903.59769,25516,27081.55948
10/8/2017,12.1,34356.94701,26690,31005.19807
11/8/2017,12.35,37811.85478,28774,30792.19929
12/8/2017,12.39,38389.44798,29828,33242.08792
13/8/2017,12.67,42632.61127,32357,33919.36505
14/8/2017,12.68,42790.78703,35844,35154.9691
15/8/2017,12.96,47413.41024,39387,43618.304
16/8/2017,13.32,53932.9837,47228.66,45660.76112
17/8/2017,13.19,51501.15999,43717,40587.69534
18/8/2017,13.47,56851.82577,45385,43819.52748
19/8/2017,13.74,62422.46137,46729,45167.48918
20/8/2017,14.01,68420.06928,48928.16,38188.44114
21/8/2017,13.82,64153.95473,49034.71,47820.93361
22/8/2017,14,68190.04465,49013.5,47447.53482
23/8/2017,14.23,73639.29277,47036,45466.61051
24/8/2017,14.27,74621.44592,46255,47333.10686
25/8/2017,14.23,73639.29277,44890,46375.3676
26/8/2017,13.95,67049.15519,42380,41799.11936
27/8/2017,13.85,64813.05262,40164,41728.7211
28/8/2017,13.74,62422.46137,43405.32,41840.93887
29/8/2017,13.29,53363.83147,38099,39389.5887
30/8/2017,13.27,52987.06563,42587.71,37467.13923
31/8/2017,12.84,45385.91507,34359,35922.25148
1/9/2017,12.8,44725.67494,38424.25,36861.81324
2/9/2017,12.9,46390.82878,32918,31350.44676
3/9/2017,12.9,46390.82878,31928,30364.9834
4/9/2017,12.88,46053.9058,32721.44,34284.8526
5/9/2017,12.71,43268.12478,31504,29936.65753
6/9/2017,12.52,40315.40575,30500,28062.37936
7/9/2017,12.41,38680.87144,30115,29536.47605
8/9/2017,12.38,38244.39444,29947,26905.93735
9/9/2017,12.37,38099.77839,29615,29337.0819
10/9/2017,12.41,38680.87144,28088,29649.80574
11/9/2017,12.41,38680.87144,30159.02,29052.3349
12/9/2017,12.25,36398.15207,23349,24913.84682
13/9/2017,12.21,35844.61939,22218,27894.16822
14/9/2017,11.98,32790.63132,21956,24278.37142
15/9/2017,11.75,29947.853,21734,23299.49059
16/9/2017,11.59,28088.94127,20667,22442.54547
17/9/2017,11.48,26865.22346,20088,21649.97667
18/9/2017,11.44,26430.93191,25919.46,20982.65473
19/9/2017,11.63,28544.79083,18608,20169.13643
20/9/2017,11.47,26756.1209,17588,18928.54987
21/9/2017,11.43,26323.23896,16642,18370.67862
22/9/2017,11.34,25369.66277,16434,16619.26583
23/9/2017,11.27,24647.21318,16612,15798.02365
24/9/2017,11.01,22106.09605,16141,17704.03381
25/9/2017,10.83,20472.74016,17664.23,16387.43826
26/9/2017,10.7,19354.13119,14886,15956.83287
27/9/2017,11.16,23545.17188,14468,16031.48601
28/9/2017,11.07,22673.05123,14203,15771.20487
29/9/2017,11.06,22577.76214,14137,15697.3375
30/9/2017,10.99,21919.64507,14137,14933.26303
1/10/2017,10.98,21826.89114,14295,15860.53224
2/10/2017,10.96,21642.32245,14197.48,14403.26161
3/10/2017,10.35,16582.93804,13659,13212.07406
4/10/2017,10.64,18854.57699,13621,12052.76124
5/10/2017,10.8,20210.13701,13558,16354.32784
6/10/2017,10.83,20472.74016,15426,16985.6307
7/10/2017,10.72,19522.97466,15078,17872.30995
8/10/2017,10.44,17263.16427,14845,16410.02056
9/10/2017,10.97,21734.45053,14230.77,15362.06456
10/10/2017,11.03,22293.80981,13749,14753.59896
11/10/2017,10.79,20123.20223,12814,13550.31053
12/10/2017,10.63,18772.32744,12290,12499.91281
13/10/2017,10.57,18284.8191,12139,11613.75296
14/10/2017,10.42,17110.11389,12104,10911.22756
15/10/2017,10.5,17728.87837,12514,10951.35547
16/10/2017,10.12,14941.28383,12409.33,12896.41604
17/10/2017,10.14,15078.66492,10725,12096.84406
18/10/2017,10.8,20210.13701,9408,10974.36608
19/10/2017,10.83,20472.74016,8916,10184.82306
20/10/2017,10.72,19522.97466,8657,9471.270442
21/10/2017,10.44,17263.16427,8657,8819.90816
22/10/2017,10.97,21734.45053,8657,8316.463507
23/10/2017,11.03,22293.80981,9506.66,7938.705975
24/10/2017,10.79,20123.20223,7190,7596.685547
25/10/2017,10.63,18772.32744,6402,6567.90826
26/10/2017,10.57,18284.8191,6333,5365.676305
27/10/2017,10.42,17110.11389,6333,5880.432365
28/10/2017,10.5,17728.87837,6244,5938.132989
29/10/2017,10.12,14941.28383,5832,5728.98964
30/10/2017,10.14,15078.66492,6023.5,5591.228889
31/10/2017,10.99,21919.64507,5273,5392.067433
1/11/2017,10.98,21826.89114,5137,5846.561917
2/11/2017,10.96,21642.32245,4930,5878.119228
3/11/2017,10.35,16582.93804,4568,5675.018789
4/11/2017,10.64,18854.57699,4489,5507.768895
5/11/2017,10.8,20210.13701,4385,4859.803274
6/11/2017,,,,
6/6/2018,6.29,1710.764424,947,1387.369234
7/6/2018,6.51,1995.271885,892,1475.411438
8/6/2018,6.62,2151.016437,778,1399.099421
9/6/2018,6.66,2209.995404,674,1486.388865
10/6/2018,6.69,2255.070295,631,1550.109518
11/6/2018,6.69,2255.070295,1501.55,1474.903739
12/6/2018,6.46,1927.521409,581,1917.639628
13/6/2018,6.45,1914.194246,604,2166.166407
14/6/2018,6.13,1524.961391,642,2322.517444
15/6/2018,5.84,1229.379613,700,2074.12137
16/6/2018,5.83,1220.071911,778,2348.599148
17/6/2018,5.78,1174.372704,884,3283.541628
18/6/2018,5.85,1238.743863,1576.87,2809.707722
19/6/2018,8.7,7438.678662,1305,2872.915956
20/6/2018,10.35,16582.93804,1725,3142.543471
21/6/2018,6.16,1558.511156,2039,4433.868463
22/6/2018,6.32,1747.528834,2611,3986.98378
23/6/2018,6.56,2064.908353,2790,2515.10901
24/6/2018,6.82,2458.946736,2736,3012.256807
25/6/2018,7.21,3160.237098,2332.26,3484.412653
26/6/2018,7.46,3687.820886,2423,3985.647885
27/6/2018,7.83,4595.265104,2491,3637.612142
28/6/2018,6.89,2574.659996,2873,3165.132325
29/6/2018,7.83,4595.265104,2966,3178.916371
30/6/2018,7.72,4308.719722,2966,3747.812491
1/7/2018,7.62,4060.764517,2966,11027.80315
2/7/2018,7.74,4359.728889,3128.64,11673.81398
3/7/2018,7.96,4953.291685,2966,4280.903321
4/7/2018,7.97,4981.727153,3460,5023.07518
5/7/2018,7.97,4981.727153,4385,5675.108179
6/7/2018,7.98,5010.292669,5131,6698.09209
7/7/2018,8.01,5096.773947,6628,8119.328379
8/7/2018,8.07,5273.307973,7880,9440.05031
9/7/2018,8.15,5516.237308,7974.28,9540.23107
10/7/2018,8.28,5929.965594,9436,11933.15347
11/7/2018,8.33,6095.527124,9090,10601.73607
12/7/2018,8.4,6333.485845,8871,10431.20937
13/7/2018,8.41,6368.076166,9295,7728.600061
14/7/2018,9.48,11044.27319,9822,9420.922197
15/7/2018,10.03,14335.36768,10079,8888.326762
16/7/2018,9.93,13685.28309,8718.76,9163.737828
17/7/2018,9.9,13494.9154,10883,11831.20484
18/7/2018,10.04,14401.70688,11098,14024.94918
19/7/2018,10.11,14872.9687,11098,12664.83599
20/7/2018,10.16,15217.05165,11098,12658.13713
21/7/2018,10.18,15356.44949,11989,13549.2725
22/7/2018,10.33,16434.72149,12325,13892.22443
23/7/2018,10.35,16582.93804,9169.34,15595.10682
24/7/2018,10.36,16657.44503,11931,14268.97078
25/7/2018,10.45,17340.09784,11671,14194.99955
26/7/2018,10.53,17965.46299,11163,12486.32565
27/7/2018,10.57,18284.8191,11163,12167.14565
28/7/2018,10.56,18204.55895,11163,12731.93344
29/7/2018,10.48,17572.54072,12443,14004.75007
30/7/2018,10.44,17263.16427,10570.28,12133.29589
31/7/2018,10.34,16508.69709,15356,16923.36994
1/8/2018,10.35,16582.93804,17838,21167.7333
2/8/2018,10.42,17110.11389,21459,23023.80485
3/8/2018,10.62,18690.36432,25558,25363.7557
4/8/2018,10.88,20916.45439,28361,26677.88298
5/8/2018,11.06,22577.76214,29781,28222.3803
6/8/2018,11.47,26756.1209,28412.21,29368.10675
7/8/2018,11.78,30307.06842,30669,31331.64229
8/8/2018,12.16,35162.16728,32408,25335.87209
9/8/2018,12.42,38827.24335,33358,31791.59543
10/8/2018,12.59,41383.92024,33436,31867.02407
11/8/2018,12.64,42160.8801,35849.05,37417.16004
12/8/2018,12.93,46899.89667,32611,29744.12393
13/8/2018,12.95,47241.7433,32710.44,31235.86324
14/8/2018,12.98,47758.23672,31035,34114.71858
15/8/2018,12.89,46222.12244,30621,36651.10486
16/8/2018,12.9,46390.82878,30718,43993.49569
17/8/2018,12.82,45054.83039,30403,31972.88501
18/8/2018,12.75,43911.17156,29828,30001.69127
19/8/2018,12.68,42790.78703,29828,31317.9197
20/8/2018,12.66,42474.90222,32529.92,30791.33057
21/8/2018,12.66,42474.90222,32529.92,30117.95204
22/8/2018,12.64,42160.8801,32529.92,30964.47762
23/8/2018,12.58,41229.90789,29662,32081.01579
24/8/2018,12.6,41538.39111,29192,32069.65564
25/8/2018,12.63,42004.56498,29006,32546.59556
26/8/2018,5.55,981.3990382,29006,35239.15834
27/8/2018,12.62,41848.71246,32488.31,38171.41948
28/8/2018,12.58,41229.90789,30451,38721.23458
29/8/2018,12.54,40618.42331,31653,33217.46211
30/8/2018,12.53,40466.68831,35441.84,32301.57309
31/8/2018,12.53,40466.68831,32408,33759.15761
1/9/2018,12.53,40466.68831,33280,35397.58693
2/9/2018,12.62,41848.71246,34410,35223.6145
3/9/2018,12.66,42474.90222,36750.36,35185.8575
4/9/2018,12.77,44235.54067,36817,38384.52667
5/9/2018,12.81,44890.01204,37811,37624.92234
6/9/2018,12.81,44890.01204,37811,41011.2298
7/9/2018,12.94,47070.57247,38680,44495.82153
8/9/2018,13.07,49334.79718,39984.64,40557.97001
9/9/2018,13.19,51501.15999,40648,42211.80832
10/9/2018,13.3,53553.01396,40749.14,41816.94144
11/9/2018,13.42,55865.22171,41631,40071.03917
12/9/2018,13.45,56455.53047,41383,42951.16655
13/9/2018,13.56,58662.70654,42160,41045.54007
14/9/2018,13.7,61570.80745,42885,41316.44537
15/9/2018,13.45,56455.53047,38157,38636.91221
16/9/2018,13.47,56851.82577,44398,40859.56378
17/9/2018,13.45,56455.53047,45220,43653.60128
18/9/2018,13.5,57450.42591,44857,43289.3727
19/9/2018,13.55,58459.25571,43460,41897.64207
20/9/2018,13.63,60102.72945,39269,40830.7406
21/9/2018,13.65,60519.29986,35189,38481.70349
22/9/2018,13.69,61359.34902,44725,35382.56748
23/9/2018,13.65,60519.29986,37725,31521.4828
24/9/2018,13.56,58662.70654,23722.02,26875.03902
25/9/2018,13.24,52425.89792,19692,21633.98874
26/9/2018,13.05,48980.91479,18300,29906.60443
27/9/2018,12.64,42160.8801,16958,18523.13615
28/9/2018,12.16,35162.16728,15709,17272.71748
29/9/2018,11.88,31529.34989,14535,16093.01787
30/9/2018,11.56,27750.8799,13685,15251.7137
1/10/2018,11.41,26108.90303,13375.4,14049.91673
2/10/2018,11.24,24342.66087,11817,13378.02737
3/10/2018,11.07,22673.05123,11272,12835.46329
4/10/2018,10.9,21096.07295,11749,12045.11974
5/10/2018,10.77,19950.22748,11425,11883.0507
6/10/2018,10.67,19103.05169,10683,12246.41203
7/10/2018,10.27,15996.40043,9666,11934.82711
8/10/2018,10.09,14737.08583,10133.7,11694.16144
9/10/2018,10,14137.81112,8754,10318.76162
10/10/2018,9.94,13749.21273,8674,11241.2205
11/10/2018,9.84,13120.51661,8560,10121.68222
12/10/2018,9.72,12396.57497,8621,9329.186767
13/10/2018,10.61,18608.68688,8648,8916.125508
14/10/2018,10.09,14737.08583,8411,9044.802444
15/10/2018,9.86,13244.38355,9001.58,9275.154119
16/10/2018,9.83,13058.93061,7533,9093.386587
17/10/2018,9.85,13182.33404,6333,7897.51582
18/10/2018,9.85,13182.33404,5943,10312.91722
19/10/2018,9.79,12814.88803,6361,7930.721314
20/10/2018,9.65,11989.22565,5851,6704.592752
21/10/2018,9.47,10990.59696,5096,6370.594192
22/10/2018,9.23,9763.476111,7714.42,6147.666277
23/10/2018,9.03,8826.640007,4542,5975.715958
24/10/2018,8.86,8088.002168,4334,5896.190492
25/10/2018,8.71,7478.000947,4188,6630.205572
26/10/2018,8.67,7321.700314,3917,4049.588255
27/10/2018,9.23,9763.476111,3737,4161.187494
28/10/2018,9.03,8826.640007,3710,4611.070438
29/10/2018,8.86,8088.002168,6791.14,6221.149708
30/10/2018,8.71,7478.000947,3486,4721.54591
31/10/2018,8.67,7321.700314,3401,4603.522902
1/11/2018,9.85,13182.33404,3244,4525.015594
2/11/2018,9.79,12814.88803,3136,4497.406724
3/11/2018,9.65,11989.22565,3120,4686.741508
4/11/2018,9.47,10990.59696,3112,4667.486369
5/11/2018,9.47,10990.59696,3101,4662.793654
6/11/2018,,,,
6/7/2019,8.06,5243.551951,2758,4231.834381
7/7/2019,7.96,4953.291685,2491,4763.462039
8/7/2019,8.09,5333.224049,3700.37,5264.426001
9/7/2019,7.96,4953.291685,2491,2870.081428
10/7/2019,7.85,4648.958938,2733,3356.693441
11/7/2019,7.86,4675.992849,3224,4264.651238
12/7/2019,7.69,4233.099573,3964,5529.710308
13/7/2019,7.63,4085.035074,5249,6811.245378
14/7/2019,7.72,4308.719722,7137,8703.255552
15/7/2019,7.87,4703.151997,9863.41,12606.96367
16/7/2019,8.13,5454.685062,15230,13665.8818
17/7/2019,8.48,6614.450144,21295,19731.02965
18/7/2019,8.99,8648.190259,26344,10888.94487
19/7/2019,9.55,11425.88942,29615,28046.37102
20/7/2019,10.34,16508.69709,31678,30113.45562
21/7/2019,11.13,23251.54426,32104,23270.96797
22/7/2019,11.9,31778.45691,31168.68,29606.6656
23/7/2019,12.4,38534.93998,29497,31062.80246
24/7/2019,12.63,42004.56498,27062,30914.10739
25/7/2019,12.73,43588.70237,26344,28497.10795
26/7/2019,7.87,4703.151997,25811,27375.10406
27/7/2019,8.13,5454.685062,26002,28381.91505
28/7/2019,8.48,6614.450144,26625,23398.01696
29/7/2019,8.99,8648.190259,30356.93,28792.08709
30/7/2019,9.55,11425.88942,26087,32392.61231
31/7/2019,10.34,16508.69709,25600,23773.84918
1/8/2019,11.13,23251.54426,25286,23722.25713
2/8/2019,11.9,31778.45691,24749,24705.81343
3/8/2019,12.4,38534.93998,22218,28865.7169
4/8/2019,12.63,42004.56498,21715,20698.25171
5/8/2019,12.73,43588.70237,28251.12,23855.64787
6/8/2019,9.55,11425.88942,20227,21785.52572
7/8/2019,10.34,16508.69709,19744,20972.66924
8/8/2019,11.13,23251.54426,19898,18040.5264
9/8/2019,12.73,43588.70237,19370,17803.21215
10/8/2019,7.87,4703.151997,18284,19509.22871
11/8/2019,8.13,5454.685062,28122.67,26558.49281
12/8/2019,8.48,6614.450144,21642,22082.15867
13/8/2019,8.99,8648.190259,22106,21619.24327
14/8/2019,11.13,23251.54426,22960,21397.81583
15/8/2019,11.9,31778.45691,22692,23834.15114
16/8/2019,12.4,38534.93998,22237,20672.92336
17/8/2019,12.63,42004.56498,21367,22930.88275
18/8/2019,12.73,43588.70237,20755,29319.16013
19/8/2019,12.83,45220.13105,28155.83,26597.64806
20/8/2019,12.73,43588.70237,21096,22665.71789
21/8/2019,11.87,31405.38182,22787,24356.40208
22/8/2019,11.77,30186.95022,25161,23597.44821
23/8/2019,11.71,29474.19008,28521,29977.53554
24/8/2019,11.7,29356.71321,31035,30646.05843
25/8/2019,11.78,30307.06842,32688,30131.35381
26/8/2019,11.98,32790.63132,35334.16,32136.89603
27/8/2019,12.22,35982.36876,23427,27670.98735
28/8/2019,12.53,40466.68831,37321.02,30024.40227
29/8/2019,12.74,43749.69999,32560,30998.98138
30/8/2019,12.88,46053.9058,31355,26781.86392
31/8/2019,12.94,47070.57247,26647,27392.01764
1/9/2019,12.96,47413.41024,24996,26557.0905
2/9/2019,12.88,46053.9058,31519.06,28662.23603
3/9/2019,12.75,43911.17156,24464,29152.64808
4/9/2019,12.6,41538.39111,25265,25491.77772
5/9/2019,12.41,38680.87144,25959,24655.63465
6/9/2019,12.36,37955.59883,26495,24932.0814
7/9/2019,12.2,35707.29095,25579,27652.30943
8/9/2019,12.11,34490.11875,24954,29949.58834
9/9/2019,12.21,35844.61939,30134.81,28570.5011
10/9/2019,12.28,36817.75845,22673,23784.68319
11/9/2019,12.32,37383.2259,22012,23580.31871
12/9/2019,12.2,35707.29095,21826,24729.5882
13/9/2019,12.14,34892.10612,21660,23223.9245
14/9/2019,11.98,32790.63132,21240,20659.19081
15/9/2019,11.91,31903.59769,20720,22283.43389
16/9/2019,11.84,31035.80842,30274.32,28705.8126
17/9/2019,11.84,31035.80842,27327,28891.87637
18/9/2019,11.81,30669.7121,30548,32635.18996
19/9/2019,11.76,30067.21205,34091,32526.3367
20/9/2019,11.73,29710.26867,37383,30175.53312
21/9/2019,12.12,34623.70189,40466,38898.63443
22/9/2019,12.42,38827.24335,42897.08,33287.26332
23/9/2019,12.7,43108.54275,44246.53,35193.53845
24/9/2019,12.98,47758.23672,46188,37237.26811
25/9/2019,13.22,52054.42708,47207,34188.02331
26/9/2019,13.43,56061.4416,48349,40166.49782
27/9/2019,13.57,58866.72172,46760.78,45196.7053
28/9/2019,13.72,61995.46799,50156,38210.28402
29/9/2019,13.75,62636.83586,51537,49971.98471
30/9/2019,13.83,64373.0572,51664.93,50098.11805
1/10/2019,13.9,65923.54223,55474,53911.11067
2/10/2019,13.92,66371.96406,56732,55167.64574
3/10/2019,13.99,67960.63725,56424.14,54856.34831
4/10/2019,14.07,69813.2482,55630,51089.26676
5/10/2019,14.11,70754.53613,53856,30187.8919
6/10/2019,14.34,76365.3362,53856,30236.59802
7/10/2019,14.4,77885.83266,50482.84,48914.71456
8/10/2019,14.46,79430.37904,49833,48268.12059
9/10/2019,14.52,80999.25806,46053,44488.46011
10/10/2019,14.53,81263.12355,42790,29107.38034
11/10/2019,14.15,71705.91908,39684,38120.78098
12/10/2019,14.03,68881.97516,35352,36824.15358
13/10/2019,13.91,66147.45007,32408,33966.74707
14/10/2019,13.78,63283.48489,33556.45,30762.96964
15/10/2019,13.5,57450.42591,22256,27871.51577
16/10/2019,13.29,53363.83147,19253,20815.19678
17/10/2019,13,48105.0605,17572,19133.42194
18/10/2019,12.77,44235.54067,16039,21442.44587
19/10/2019,12.41,38680.87144,15496,17061.12232
20/10/2019,11.7,29356.71321,14941,19635.20202
21/10/2019,11.44,26430.93191,18009.15,17576.74055
22/10/2019,11.22,24141.29907,13169,13488.66609
23/10/2019,11.03,22293.80981,12455,12473.84604
24/10/2019,10.84,20560.87672,11874,11959.80572
25/10/2019,10.79,20123.20223,11536,13104.55216
26/10/2019,13.5,57450.42591,11536,13096.1548
27/10/2019,13.29,53363.83147,11536,12767.57817
28/10/2019,13,48105.0605,13383.13,11815.20192
29/10/2019,12.77,44235.54067,10725,12293.25259
30/10/2019,12.41,38680.87144,10465,11549.98454
31/10/2019,11.7,29356.71321,10210,11058.32906
1/11/2019,11.44,26430.93191,10210,11772.00795
2/11/2019,11.22,24141.29907,10210,11166.03708
3/11/2019,11.7,29356.71321,10210,10783.10425
4/11/2019,11.44,26430.93191,10210,10504.16598
5/11/2019,11.22,24141.29907,10210,9919.874468
6/11/2019,,,,
6/6/2020,10.83,20472.74016,2110,546.0242969
7/6/2020,10.42,17110.11389,2162,831.8288327
8/6/2020,10.43,17186.50319,3269.68,3192.306814
9/6/2020,11.01,22106.09605,2375,5178.760807
10/6/2020,11.11,23057.42054,2375,7207.853169
11/6/2020,11.02,22199.79468,2375,3958.700082
12/6/2020,11.12,23154.32014,2375,1105.62832
13/6/2020,11.36,25579.14834,2829,3350.537366
14/6/2020,11.69,29239.6101,2982,4544.987165
15/6/2020,11.55,27638.91685,3504.65,3625.072876
16/6/2020,12.2,35707.29095,2899,3568.190208
17/6/2020,10.43,17186.50319,3120,2821.203482
18/6/2020,11.01,22106.09605,3305,2189.33022
19/6/2020,11.11,23057.42054,3741,3387.025225
20/6/2020,11.02,22199.79468,4573,6139.010015
21/6/2020,11.12,23154.32014,5672,7150.349832
22/6/2020,10.42,17110.11389,5697.37,7262.132865
23/6/2020,10.43,17186.50319,7344,7606.331883
24/6/2020,11.01,22106.09605,7921,7952.462132
25/6/2020,11.02,22199.79468,8394,8207.277421
26/6/2020,11.12,23154.32014,9773,8611.529038
27/6/2020,10.42,17110.11389,12220,10662.62489
28/6/2020,10.43,17186.50319,14335,12774.09713
29/6/2020,11.01,22106.09605,13863.2,15429.88643
30/6/2020,11.11,23057.42054,18871,17223.83547
1/7/2020,11.02,22199.79468,20773,19203.18385
2/7/2020,11.12,23154.32014,26402.2,24838.95654
3/7/2020,11.36,25579.14834,27220.6,25659.65016
4/7/2020,11.69,29239.6101,27128.9,26747.24995
5/7/2020,11.55,27638.91685,26855,25288.06807
6/7/2020,12.2,35707.29095,27128.9,25565.64713
7/7/2020,12.46,39417.15528,27128.9,26262.93214
8/7/2020,12.31,37241.21409,26855,28417.34442
9/7/2020,12.01,33176.75809,26764,26092.02323
10/7/2020,12.2,35707.29095,26673.3,27941.22381
11/7/2020,12.09,34224.1857,26402.2,27963.79372
12/7/2020,12.47,39565.74432,27220.6,25652.43104
13/7/2020,12.31,37241.21409,29965.8,28210.13842
14/7/2020,12.34,37668.54527,33817.8,32385.06977
15/7/2020,12.31,37241.21409,36403.3,36354.59015
16/7/2020,12.62,41848.71246,38764.9,37199.75978
17/7/2020,12.87,45886.1778,40039.4,34221.1097
18/7/2020,13,48105.0605,40509.3,33750.88703
19/7/2020,13.26,52799.48005,41699.1,40135.34561
20/7/2020,13.4,55474.42527,41939.7,40372.62144
21/7/2020,13.53,58054.0424,42181.2,40618.98822
22/7/2020,13.55,58459.25571,41699.1,40137.62921
23/7/2020,13.75,62636.83586,41042,39477.87088
24/7/2020,13.72,61995.46799,41101.5,36383.5165
25/7/2020,13.74,62422.46137,42000,40434.1739
26/7/2020,13.59,59276.44977,42636.2,41074.57841
27/7/2020,13.39,55279.84644,43002.5,41501.27909
28/7/2020,13.31,53742.73099,43340,41773.53332
29/7/2020,13.48,57050.80371,43309.2,42315.18382
30/7/2020,13.71,61782.84671,42605.8,41039.88168
31/7/2020,14,68190.04465,42332.5,36337.47967
1/8/2020,13.87,65255.44342,41909.6,40348.85966
2/8/2020,13.5,57450.42591,41310,26973.9738
3/8/2020,13.37,54892.32187,40893.6,28932.65608
4/8/2020,13.32,53932.9837,41071.7,29519.43495
5/8/2020,13.19,51501.15999,41429.5,36794.7294
6/8/2020,13.19,51501.15999,41609.1,40041.34445
7/8/2020,13.21,51869.48061,41250.4,39681.53982
8/8/2020,13.38,55085.81235,40834.3,29411.23085
9/8/2020,13.36,54699.37384,40244.5,29905.68798
10/8/2020,13.38,55085.81235,39631,38070.97501
11/8/2020,13.38,55085.81235,38965.9,37572.63787
12/8/2020,13.37,54892.32187,38364.8,27435.00285
13/8/2020,13.33,54123.77321,37656.8,34103.38741
14/8/2020,13.28,53175.1824,37152.2,38722.06461
15/8/2020,12.95,47241.7433,37320,41432.82982
16/8/2020,12.94,47070.57247,37152.2,38718.956
17/8/2020,12.86,45718.93739,37460.1,37094.06912
18/8/2020,12.73,43588.70237,37628.7,36060.32707
19/8/2020,12.99,47931.39841,38364.8,39929.90397
20/8/2020,12.87,45886.1778,39369.9,34372.70978
21/8/2020,13.14,50589.47866,39718.3,30110.25057
22/8/2020,13.2,51685.05862,39485.8,37918.7141
23/8/2020,13.26,52799.48005,39514.9,37946.04448
24/8/2020,13.43,56061.4416,39341,37776.4456
25/8/2020,13.32,53932.9837,39369.9,38846.17733
26/8/2020,13.22,52054.42708,39456.8,37893.27406
27/8/2020,13.3,53553.01396,39138.7,36838.00159
28/8/2020,13.26,52799.48005,38052.3,38285.34944
29/8/2020,13.14,50589.47866,37376,35808.68328
30/8/2020,13.14,50589.47866,36403.3,36176.50902
31/8/2020,13.31,53742.73099,35555.3,35800.84955
1/9/2020,13.19,51501.15999,34880.5,38025.46681
2/9/2020,12.83,45220.13105,34559.5,39576.61889
3/9/2020,12.93,46899.89667,34559.5,37861.16972
4/9/2020,12.69,42949.43051,34532.9,35846.63051
5/9/2020,12.76,44073.1181,34373.1,33464.20081
6/9/2020,12.63,42004.56498,34160.9,32598.70854
7/9/2020,12.78,44398.4403,34134.4,31998.77393
8/9/2020,12.75,43911.17156,33765.2,34386.093
9/9/2020,12.68,42790.78703,33529.1,35091.27931
10/9/2020,12.62,41848.71246,33086.1,32161.98512
11/9/2020,12.59,41383.92024,32390.1,30722.80723
12/9/2020,12.56,40923.25466,32007.4,32422.12527
13/9/2020,12.46,39417.15528,31175.6,29609.6615
14/9/2020,12.41,38680.87144,29941.4,28886.35183
15/9/2020,12.45,39269.01166,29456.5,28614.10224
16/9/2020,11.92,32029.1312,29024.3,27832.49392
17/9/2020,12.12,34623.70189,28905,28898.93593
18/9/2020,12.14,34892.10612,29312,27752.37942
19/9/2020,11.89,31653.70795,29722.6,28157.80452
20/9/2020,11.93,32155.05837,29844,28912.22609
21/9/2020,11.8,30548.44845,29771.1,28529.48005
22/9/2020,11.92,32029.1312,29722.6,29327.71207
23/9/2020,12.04,33566.50278,29504.8,30279.17016
24/9/2020,12.03,33436.18434,29336,31081.05416
25/9/2020,12.1,34356.94701,29746.8,30549.82726
26/9/2020,12.04,33566.50278,30901.4,29336.17087
27/9/2020,12.28,36817.75845,32390.1,30826.70447
28/9/2020,12.16,35162.16728,34134.4,33875.29591
29/9/2020,12.37,38099.77839,35691.2,34123.9536
30/9/2020,12.44,39121.31247,36568.9,35010.43818
1/10/2020,12.77,44235.54067,36818.2,35255.27504
2/10/2020,13.51,57651.07249,36985,36139.93864
3/10/2020,13.39,55279.84644,36541.3,35065.48271
4/10/2020,13.45,56455.53047,35501,33935.68701
5/10/2020,13.28,53175.1824,33817.8,32524.32378
6/10/2020,12.81,44890.01204,32518.3,30949.4626
7/10/2020,12.67,42632.61127,31225.6,29823.38808
8/10/2020,12.67,42632.61127,30185.7,29784.52299
9/10/2020,12.24,36259.13413,28785.9,29364.27702
10/10/2020,12.21,35844.61939,27705.3,29271.49647
11/10/2020,12.21,35844.61939,26991.7,28557.44232
12/10/2020,12.14,34892.10612,26088.2,27650.6994
13/10/2020,11.61,28316.13441,25203.9,26038.44078
14/10/2020,11.72,29592.0416,24104.1,24638.99064
15/10/2020,11.61,28316.13441,22501.7,23336.36384
16/10/2020,11.57,27863.20441,21419,22197.6198
17/10/2020,11.39,25895.96137,20274.2,21581.14321
18/10/2020,11.23,24241.81321,18802.7,20031.87759
19/10/2020,11.14,23349.09372,17907.2,17927.73243
20/10/2020,10.98,21826.89114,16363.9,16683.15298
21/10/2020,11.61,28316.13441,14703.6,15189.00656
22/10/2020,11.72,29592.0416,13907.5,12341.66766
23/10/2020,11.61,28316.13441,13081.1,11518.5389
24/10/2020,11.57,27863.20441,12009.9,11388.38525
25/10/2020,11.39,25895.96137,10892.2,11100.67993
26/10/2020,11.23,24241.81321,10396.5,10196.91063
27/10/2020,11.14,23349.09372,9854.45,10282.37322
28/10/2020,10.98,21826.89114,9483.48,8138.914139
29/10/2020,11.23,24241.81321,9167.65,7927.841658
30/10/2020,11.14,23349.09372,8858.52,7291.659654
31/10/2020,10.98,21826.89114,6028,7591.660112
1/11/2020,9.52,11261.07295,5793,6051.561534
2/11/2020,9.42,10725.32789,5647,6058.02564
3/11/2020,8.7,7438.678662,5351,6251.179687
4/11/2020,8.05,5213.930004,5090,6652.024281
5/11/2020,7.78,4463.19209,4936,6594.356337
6/11/2020,,,,
6/6/2021,7.88,4730.436815,3810,8311.536965
7/6/2021,7.83,4595.265104,5417.31,5070.035095
8/6/2021,9.42,10725.32789,3020,3812.244359
9/6/2021,8.7,7438.678662,2684,3896.979569
10/6/2021,8.05,5213.930004,2632,3899.929742
11/6/2021,7.78,4463.19209,2511,4071.270853
12/6/2021,7.88,4730.436815,2591,4152.887561
13/6/2021,7.83,4595.265104,2591,4153.988341
14/6/2021,7.93,4868.761154,5228.01,7204.920947
15/6/2021,7.99,5038.988678,2966,4529.945723
16/6/2021,7.82,4568.604321,2966,4533.177492
17/6/2021,7.72,4308.719722,2966,5955.012242
18/6/2021,8.05,5213.930004,3000,3658.647108
19/6/2021,8.12,5424.115061,3280,3132.406378
20/6/2021,8.11,5393.681863,4526,3599.552474
21/6/2021,7.78,4463.19209,6977.98,8538.549565
22/6/2021,8.37,6230.613082,11195,12760.32489
23/6/2021,8.39,6299.045548,14242,16861.26776
24/6/2021,9.11,9192.349253,16419,17982.27099
25/6/2021,10.91,21186.34239,17775,19266.88134
26/6/2021,11.52,27305.18776,17965,19530.00033
27/6/2021,11.43,26323.23896,17965,22329.37446
28/6/2021,11.1,22960.84466,20833.06,20584.05525
29/6/2021,11.41,26108.90303,18204,19768.26491
30/6/2021,11.27,24647.21318,18755,19257.99879
1/7/2021,11.4,26002.25834,18511,20402.9522
2/7/2021,11.31,25058.00228,18124,18073.90677
3/7/2021,11.37,25684.40721,17510,19080.22533
4/7/2021,11.69,29239.6101,17823,19387.35897
5/7/2021,11.34,25369.66277,20833.06,22399.67718
6/7/2021,11.31,25058.00228,20934,22495.72965
7/7/2021,11.23,24241.81321,22501,22123.77785
8/7/2021,11.36,25579.14834,22768,21207.85382
9/7/2021,11.69,29239.6101,23232,21427.83801
10/7/2021,12.2,35707.29095,22864,24431.92644
11/7/2021,12.35,37811.85478,22673,27107.69358
12/7/2021,12.41,38680.87144,21334.59,21941.73446
13/7/2021,12.18,35433.89301,22482,22876.54647
14/7/2021,11.98,32790.63132,22482,21951.81904
15/7/2021,11.86,31281.80283,22482,24050.85379
16/7/2021,11.95,32408.09736,22482,24044.39369
17/7/2021,11.94,32281.38012,21771,23335.5455
18/7/2021,11.93,32155.05837,22293,23859.32847
19/7/2021,11.89,31653.70795,21428.84,22718.97737
20/7/2021,11.96,32535.21103,22106,21689.49938
21/7/2021,11.9,31778.45691,22293,23046.97117
22/7/2021,11.83,30913.39118,22673,23088.79997
23/7/2021,12,33047.64842,23251,24815.66049
24/7/2021,11.87,31405.38182,24600.18,23035.92937
25/7/2021,11.9,31778.45691,23643,22527.55506
26/7/2021,12.06,33828.35499,23737.96,22699.61681
27/7/2021,11.06,22577.76214,24201,25765.49168
28/7/2021,12.18,35433.89301,24555,25664.09291
29/7/2021,12.2,35707.29095,25078,25303.48473
30/7/2021,12.21,35844.61939,25663,27231.02554
31/7/2021,12.23,36120.54002,29167,30729.01895
1/8/2021,12.43,38974.05669,24954,27737.37202
2/8/2021,12.35,37811.85478,28389.55,29543.51034
3/8/2021,12.56,40923.25466,24688,29759.52896
4/8/2021,12.6,41538.39111,25411,26977.42149
5/8/2021,12.28,36817.75845,27527,29085.54224
6/8/2021,12.21,35844.61939,29805,31225.09478
7/8/2021,12.3,37099.6329,30888,29325.47485
8/8/2021,12.59,41383.92024,32382,29084.00062
9/8/2021,12.85,45552.18349,37134.82,35566.41266
10/8/2021,13.33,54123.77321,35325,36790.91949
11/8/2021,13.37,54892.32187,36677,35914.56058
12/8/2021,13.34,54315.10065,37811,33454.876
13/8/2021,13.51,57651.07249,38915,37354.30661
14/8/2021,13.77,63067.34642,41879,43443.65436
15/8/2021,13.59,59276.44977,43428,44970.57697
16/8/2021,13.59,59276.44977,46687.16,48450.73163
17/8/2021,13.49,57250.3367,47138,48704.15453
18/8/2021,13.6,59482.16499,49157,49475.97148
19/8/2021,13.96,67276.10604,52425,50859.80305
20/8/2021,14.06,69579.49417,53894,55463.18128
21/8/2021,14.02,68650.71237,56392.09,55145.95446
22/8/2021,13.86,65033.94799,54085,52522.95826
23/8/2021,13.79,63500.21375,54829.06,53269.59466
24/8/2021,13.94,66822.81539,51134,49572.59556
25/8/2021,13.92,66371.96406,49334,47768.33193
26/8/2021,14.06,69579.49417,47413,47523.71994
27/8/2021,13.82,64153.95473,45220,43594.35504
28/8/2021,13.72,61995.46799,43943,42349.38548
29/8/2021,13.87,65255.44342,42822,41262.7653
30/8/2021,13.3,53553.01396,42632,43827.89558
31/8/2021,13.51,57651.07249,45489.93,45061.48513
1/9/2021,13.36,54699.37384,43878,42313.21889
2/9/2021,13.41,55669.54998,44725,43157.39121
3/9/2021,13.44,56258.21081,45718,44152.74121
4/9/2021,13.49,57250.3367,46593,45030.29005
5/9/2021,13.7,61570.80745,47138,45573.31051
6/9/2021,13.72,61995.46799,46780.06,47535.37344
7/9/2021,13.79,63500.21375,47379,45810.70207
8/9/2021,13.75,62636.83586,45552,43610.64523
9/9/2021,13.83,64373.0572,43460,40055.47778
10/9/2021,13.69,61359.34902,42035,40472.51294
11/9/2021,13.65,60519.29986,39984,38423.47301
12/9/2021,13.57,58866.72172,38273,36706.70753
13/9/2021,13.33,54123.77321,39844.09,39210.96619
14/9/2021,13.36,54699.37384,35762,37331.0208
15/9/2021,13.33,54123.77321,33488,35052.155
16/9/2021,13.36,54699.37384,46222,37525.89906
17/9/2021,12.8,44725.67494,30067,34009.30828
18/9/2021,12.84,45385.91507,29006,30568.28498
19/9/2021,12.5,40014.19392,27661,29228.11702
20/9/2021,12.45,39269.01166,29266.81,35738.3382
21/9/2021,12.28,36817.75845,27885,29444.19297
22/9/2021,11.96,32535.21103,29099,27805.87166
23/9/2021,12.28,36817.75845,29592,32579.2729
24/9/2021,11.96,32535.21103,29710,28144.28446
25/9/2021,12.46,39417.15528,29456.43,27889.07875
26/9/2021,12.61,41693.32151,28867,27639.28135
27/9/2021,12.87,45886.1778,29340.83,28411.04444
28/9/2021,12.61,41693.32151,27438,29003.37472
29/9/2021,12.5,40014.19392,27840,29401.72098
30/9/2021,12.37,38099.77839,27305,31002.73026
1/10/2021,12.31,37241.21409,26865,25298.41618
2/10/2021,12.31,37241.21409,26258,27825.03852
3/10/2021,12.21,35844.61939,25663,26555.60217
4/10/2021,12.43,38974.05669,29117.64,27549.74746
5/10/2021,12.23,36120.54002,25895,25956.94946
6/10/2021,12.16,35162.16728,25747,27094.2773
7/10/2021,12.06,33828.35499,26194,27755.58373
8/10/2021,12.1,34356.94701,25853,27419.18259
9/10/2021,12.17,35297.8216,25016,27919.07831
10/10/2021,12.32,37383.2259,24525,26090.45591
11/10/2021,12.25,36398.15207,28986.69,24998.7486
12/10/2021,12.28,36817.75845,22980,24109.99446
13/10/2021,12.04,33566.50278,22162,23468.23023
14/10/2021,11.77,30186.95022,21186,22752.27765
15/10/2021,11.87,31405.38182,20123,21648.41649
16/10/2021,11.75,29947.853,19203,20291.7613
17/10/2021,11.55,27638.91685,18013,19016.53369
18/10/2021,11.52,27305.18776,21291.5,17769.24485
19/10/2021,11.41,26108.90303,16464,17086.67516
20/10/2021,12.04,33566.50278,16375,16260.26349
21/10/2021,11.77,30186.95022,16912,16558.50782
22/10/2021,11.87,31405.38182,18220,24279.16326
23/10/2021,11.75,29947.853,20738,22306.54428
24/10/2021,11.55,27638.91685,21789,23355.9304
25/10/2021,11.52,27305.18776,26316.78,27879.29451
26/10/2021,11.41,26108.90303,25537,23970.82634
27/10/2021,11.55,27638.91685,25684,26816.80068
28/10/2021,11.52,27305.18776,25684,23388.53447
29/10/2021,11.41,26108.90303,25684,24120.58328
30/10/2021,11.71,29474.19008,25684,20996.22516
31/10/2021,12.53,40466.68831,23941,25116.95845
1/11/2021,12.38,38244.39444,25706.95,24284.61329
2/11/2021,12.39,38389.44798,25036.02,21509.79151
3/11/2021,12.77,44235.54067,24515.9,22947.14824
4/11/2021,12.53,40466.68831,24277.43,21466.28316
5/11/2021,12.38,38244.39444,24049.23,19622.19816
